uno_en_fila,tripduration,starttime,start_station_id,start_station_name,start_station_latitude,start_station_longitude,end_station_id,end_station_name,end_station_latitude,end_station_longitude,bikeid,usertype,birth_year,gender,ano_viaje,mes_viaje,ano_mes_viaje,viajes_diarios
1,634,1/07/2013 0:00:00,164,E 47 St & 2 Ave,"40,75323098","-73,97032517",504,1 Ave & E 15 St,"40,73221853","-73,98165557",16950,Customer,,unknown,2013,7,2013-07,
1,1547,1/07/2013 0:00:02,388,W 26 St & 10 Ave,"40,74971775","-74,00295035",459,W 20 St & 11 Ave,"40,746745","-74,007756",19816,Customer,,unknown,2013,7,2013-07,
1,178,1/07/2013 0:01:04,293,Lafayette St & E 8 St,"40,73028666","-73,9907647",237,E 11 St & 2 Ave,"40,73047309","-73,98672378",14548,Subscriber,1980,female,2013,7,2013-07,
1,1580,1/07/2013 0:01:06,531,Forsyth St & Broome St,"40,71893904","-73,99266288",499,Broadway & W 60 St,"40,76915505","-73,98191841",16063,Customer,,unknown,2013,7,2013-07,
1,757,1/07/2013 0:01:10,382,University Pl & E 14 St,"40,73492695","-73,99200509",410,Suffolk St & Stanton St,"40,72066442","-73,98517977",19213,Subscriber,1986,male,2013,7,2013-07,
1,861,1/07/2013 0:01:23,511,E 14 St & Avenue B,"40,72938685","-73,97772429",454,E 51 St & 1 Ave,"40,75455731","-73,96592976",16223,Subscriber,1988,male,2013,7,2013-07,
1,550,1/07/2013 0:01:59,293,Lafayette St & E 8 St,"40,73028666","-73,9907647",394,E 9 St & Avenue C,"40,72521311","-73,97768752",16746,Customer,,unknown,2013,7,2013-07,
1,766,1/07/2013 0:02:16,432,E 7 St & Avenue A,"40,72621788","-73,98379855",336,Sullivan St & Washington Sq,"40,73047747","-73,99906065",17963,Subscriber,1980,female,2013,7,2013-07,
1,288,1/07/2013 0:02:16,224,Spruce St & Nassau St,"40,71146364","-74,00552427",376,John St & William St,"40,70862144","-74,00722156",16062,Subscriber,1985,female,2013,7,2013-07,
1,456,1/07/2013 0:02:23,146,Hudson St & Reade St,"40,71625008","-74,0091059",351,Front St & Maiden Ln,"40,70530954","-74,00612572",16321,Subscriber,1976,male,2013,7,2013-07,
1,773,1/07/2013 0:02:23,173,Broadway & W 49 St,"40,76064679","-73,98442659",479,9 Ave & W 45 St,"40,76019252","-73,9912551",19365,Subscriber,1989,male,2013,7,2013-07,
1,632,1/07/2013 0:02:24,251,Mott St & Prince St,"40,72317958","-73,99480012",307,Canal St & Rutgers St,"40,71427487","-73,98990025",18935,Subscriber,1967,male,2013,7,2013-07,
1,623,1/07/2013 0:02:24,479,9 Ave & W 45 St,"40,76019252","-73,9912551",493,W 45 St & 6 Ave,"40,7568001","-73,98291153",16036,Customer,,unknown,2013,7,2013-07,
1,228,1/07/2013 0:02:33,504,1 Ave & E 15 St,"40,73221853","-73,98165557",487,E 20 St & FDR Drive,"40,73314259","-73,97573881",16593,Subscriber,1987,male,2013,7,2013-07,
1,643,1/07/2013 0:02:44,479,9 Ave & W 45 St,"40,76019252","-73,9912551",493,W 45 St & 6 Ave,"40,7568001","-73,98291153",19677,Customer,,unknown,2013,7,2013-07,
1,1312,1/07/2013 0:03:10,474,5 Ave & E 29 St,"40,7451677","-73,98683077",128,MacDougal St & Prince St,"40,72710258","-74,00297088",15480,Customer,,unknown,2013,7,2013-07,
1,424,1/07/2013 0:03:14,477,W 41 St & 8 Ave,"40,75640548","-73,9900262",485,W 37 St & 5 Ave,"40,75038009","-73,98338988",15013,Subscriber,1972,male,2013,7,2013-07,
1,1129,1/07/2013 0:03:30,470,W 20 St & 8 Ave,"40,74345335","-74,00004031",450,W 49 St & 8 Ave,"40,76227205","-73,98788205",16017,Subscriber,1969,male,2013,7,2013-07,
1,311,1/07/2013 0:03:58,494,W 26 St & 8 Ave,"40,74734825","-73,99723551",458,11 Ave & W 27 St,"40,751396","-74,005226",20595,Customer,,unknown,2013,7,2013-07,
1,1275,1/07/2013 0:04:10,345,W 13 St & 6 Ave,"40,73649403","-73,99704374",455,1 Ave & E 44 St,"40,75001986","-73,96905301",16236,Subscriber,1983,male,2013,7,2013-07,
1,318,1/07/2013 0:05:09,406,Hicks St & Montague St,"40,69512845","-73,99595065",237,E 11 St & 2 Ave,"40,73047309","-73,98672378",19170,Subscriber,1983,female,2013,7,2013-07,
1,1603,1/07/2013 0:05:26,521,8 Ave & W 31 St,"40,75044999","-73,99481051",406,Hicks St & Montague St,"40,69512845","-73,99595065",17793,Customer,,unknown,2013,7,2013-07,
1,440,1/07/2013 0:05:31,422,W 59 St & 10 Ave,"40,770513","-73,988038",516,E 47 St & 1 Ave,"40,75206862","-73,96784384",18330,Subscriber,1990,male,2013,7,2013-07,
1,801,1/07/2013 0:05:35,173,Broadway & W 49 St,"40,76064679","-73,98442659",490,8 Ave & W 33 St,"40,751551","-73,993934",17230,Subscriber,1899,female,2013,7,2013-07,
1,452,1/07/2013 0:05:37,519,Pershing Square N,"40,75188406","-73,97770164",516,E 47 St & 1 Ave,"40,75206862","-73,96784384",16408,Subscriber,1987,female,2013,7,2013-07,
1,305,1/07/2013 0:05:41,151,Cleveland Pl & Spring St,"40,7218158","-73,99720307",293,Lafayette St & E 8 St,"40,73028666","-73,9907647",19080,Subscriber,1985,male,2013,7,2013-07,
1,682,1/07/2013 0:05:47,494,W 26 St & 8 Ave,"40,74734825","-73,99723551",127,Barrow St & Hudson St,"40,73172428","-74,00674436",19411,Subscriber,1987,male,2013,7,2013-07,
1,1444,1/07/2013 0:05:49,312,Allen St & E Houston St,"40,722055","-73,989111",312,Allen St & E Houston St,"40,722055","-73,989111",14842,Customer,,unknown,2013,7,2013-07,
1,537,1/07/2013 0:05:51,487,E 20 St & FDR Drive,"40,73314259","-73,97573881",439,E 4 St & 2 Ave,"40,7262807","-73,98978041",20330,Subscriber,1986,male,2013,7,2013-07,
1,1456,1/07/2013 0:06:27,352,W 56 St & 6 Ave,"40,76340613","-73,97722479",490,8 Ave & W 33 St,"40,751551","-73,993934",15721,Subscriber,1985,male,2013,7,2013-07,
1,614,1/07/2013 0:06:54,483,E 12 St & 3 Ave,"40,73223272","-73,98889957",511,E 14 St & Avenue B,"40,72938685","-73,97772429",19900,Customer,,unknown,2013,7,2013-07,
1,517,1/07/2013 0:06:57,285,Broadway & E 14 St,"40,73454567","-73,99074142",531,Forsyth St & Broome St,"40,71893904","-73,99266288",18310,Subscriber,1985,male,2013,7,2013-07,
1,1324,1/07/2013 0:07:08,225,W 14 St & The High Line,"40,74195138","-74,00803013",423,W 54 St & 9 Ave,"40,76584941","-73,98690506",16875,Customer,,unknown,2013,7,2013-07,
1,822,1/07/2013 0:07:10,483,E 12 St & 3 Ave,"40,73223272","-73,98889957",433,E 13 St & Avenue A,"40,72955361","-73,98057249",18295,Customer,,unknown,2013,7,2013-07,
1,1840,1/07/2013 0:07:23,146,Hudson St & Reade St,"40,71625008","-74,0091059",495,W 47 St & 10 Ave,"40,76269882","-73,99301222",15165,Subscriber,1990,male,2013,7,2013-07,
1,464,1/07/2013 0:07:29,236,St Marks Pl & 2 Ave,"40,7284186","-73,98713956",445,E 10 St & Avenue A,"40,72740794","-73,98142006",18195,Subscriber,1979,male,2013,7,2013-07,
1,1143,1/07/2013 0:08:10,237,E 11 St & 2 Ave,"40,73047309","-73,98672378",471,Grand St & Havemeyer St,"40,71286844","-73,95698119",18248,Subscriber,1987,male,2013,7,2013-07,
1,1224,1/07/2013 0:08:43,357,E 11 St & Broadway,"40,73261787","-73,99158043",79,Franklin St & W Broadway,"40,71911552","-74,00666661",15105,Customer,,unknown,2013,7,2013-07,
1,1243,1/07/2013 0:08:50,357,E 11 St & Broadway,"40,73261787","-73,99158043",79,Franklin St & W Broadway,"40,71911552","-74,00666661",15211,Customer,,unknown,2013,7,2013-07,
1,1067,1/07/2013 0:09:25,539,Metropolitan Ave & Bedford Ave,"40,71534825","-73,96024116",2003,1 Ave & E 18 St,"40,73416059","-73,98024289",20165,Subscriber,1984,male,2013,7,2013-07,
1,683,1/07/2013 0:09:27,382,University Pl & E 14 St,"40,73492695","-73,99200509",347,W Houston St & Hudson St,"40,72873888","-74,00748842",18759,Subscriber,1984,male,2013,7,2013-07,
1,1141,1/07/2013 0:09:35,251,Mott St & Prince St,"40,72317958","-73,99480012",368,Carmine St & 6 Ave,"40,73038599","-74,00214988",16278,Subscriber,1973,male,2013,7,2013-07,
1,1225,1/07/2013 0:09:37,225,W 14 St & The High Line,"40,74195138","-74,00803013",326,E 11 St & 1 Ave,"40,72953837","-73,98426726",14898,Subscriber,1982,male,2013,7,2013-07,
1,191,1/07/2013 0:09:54,416,Cumberland St & Lafayette Ave,"40,68753406","-73,97265183",258,DeKalb Ave & Vanderbilt Ave,"40,68940747","-73,96885458",20563,Subscriber,1955,male,2013,7,2013-07,
1,305,1/07/2013 0:10:15,325,E 19 St & 3 Ave,"40,73624527","-73,98473765",382,University Pl & E 14 St,"40,73492695","-73,99200509",19199,Subscriber,1953,female,2013,7,2013-07,
1,779,1/07/2013 0:10:35,224,Spruce St & Nassau St,"40,71146364","-74,00552427",349,Rivington St & Ridge St,"40,71850211","-73,98329859",16320,Subscriber,1985,female,2013,7,2013-07,
1,1711,1/07/2013 0:11:16,265,Stanton St & Chrystie St,"40,72229346","-73,99147535",403,E 2 St & 2 Ave,"40,72502876","-73,99069656",17664,Customer,,unknown,2013,7,2013-07,
1,978,1/07/2013 0:11:31,385,E 55 St & 2 Ave,"40,75797322","-73,96603308",297,E 15 St & 3 Ave,"40,734232","-73,986923",15331,Subscriber,1977,male,2013,7,2013-07,
1,788,1/07/2013 0:11:40,403,E 2 St & 2 Ave,"40,72502876","-73,99069656",393,E 5 St & Avenue C,"40,72299208","-73,97995466",19454,Subscriber,1954,female,2013,7,2013-07,
1,1047,1/07/2013 0:11:56,357,E 11 St & Broadway,"40,73261787","-73,99158043",79,Franklin St & W Broadway,"40,71911552","-74,00666661",16708,Customer,,unknown,2013,7,2013-07,
1,1622,1/07/2013 0:12:15,482,W 15 St & 7 Ave,"40,73935542","-73,99931783",322,Clinton St & Tillary St,"40,696192","-73,991218",17244,Customer,,unknown,2013,7,2013-07,
1,528,1/07/2013 0:12:16,430,York St & Jay St,"40,7014851","-73,98656928",343,Clinton Ave & Flushing Ave,"40,69794","-73,96986848",19005,Customer,,unknown,2013,7,2013-07,
1,1446,1/07/2013 0:12:18,161,LaGuardia Pl & W 3 St,"40,72917025","-73,99810231",2004,6 Ave & Broome St,"40,724399","-74,004704",18859,Customer,,unknown,2013,7,2013-07,
1,504,1/07/2013 0:12:23,430,York St & Jay St,"40,7014851","-73,98656928",343,Clinton Ave & Flushing Ave,"40,69794","-73,96986848",15301,Customer,,unknown,2013,7,2013-07,
1,374,1/07/2013 0:12:26,312,Allen St & E Houston St,"40,722055","-73,989111",266,Avenue D & E 8 St,"40,72368361","-73,97574813",16844,Customer,,unknown,2013,7,2013-07,
1,293,1/07/2013 0:12:26,510,W 51 St & 6 Ave,"40,7606597","-73,98042047",493,W 45 St & 6 Ave,"40,7568001","-73,98291153",15317,Subscriber,1982,male,2013,7,2013-07,
1,515,1/07/2013 0:12:31,507,E 25 St & 2 Ave,"40,73912601","-73,97973776",470,W 20 St & 8 Ave,"40,74345335","-74,00004031",17222,Customer,,unknown,2013,7,2013-07,
1,786,1/07/2013 0:12:36,247,Perry St & Bleecker St,"40,73535398","-74,00483091",403,E 2 St & 2 Ave,"40,72502876","-73,99069656",17261,Customer,,unknown,2013,7,2013-07,
1,176,1/07/2013 0:12:39,239,Willoughby St & Fleet St,"40,69196566","-73,9813018",270,Adelphi St & Myrtle Ave,"40,69308257","-73,97178913",20125,Subscriber,1975,male,2013,7,2013-07,
1,153,1/07/2013 0:12:39,445,E 10 St & Avenue A,"40,72740794","-73,98142006",394,E 9 St & Avenue C,"40,72521311","-73,97768752",15003,Customer,,unknown,2013,7,2013-07,
1,1041,1/07/2013 0:12:48,151,Cleveland Pl & Spring St,"40,7218158","-73,99720307",348,W Broadway & Spring St,"40,72490985","-74,00154702",20588,Subscriber,1988,male,2013,7,2013-07,
1,509,1/07/2013 0:13:03,476,E 31 St & 3 Ave,"40,74394314","-73,97966069",509,9 Ave & W 22 St,"40,7454973","-74,00197139",15309,Customer,,unknown,2013,7,2013-07,
1,207,1/07/2013 0:13:34,540,Lexington Ave & E 26 St,"40,74147286","-73,98320928",537,Lexington Ave & E 24 St,"40,74025878","-73,98409214",15066,Customer,,unknown,2013,7,2013-07,
1,997,1/07/2013 0:13:50,449,W 52 St & 9 Ave,"40,76461837","-73,98789473",495,W 47 St & 10 Ave,"40,76269882","-73,99301222",16826,Subscriber,1975,male,2013,7,2013-07,
1,515,1/07/2013 0:13:56,519,Pershing Square N,"40,75188406","-73,97770164",527,E 33 St & 1 Ave,"40,74315566","-73,97434726",15836,Subscriber,1985,male,2013,7,2013-07,
1,606,1/07/2013 0:14:13,497,E 17 St & Broadway,"40,73704984","-73,99009296",498,Broadway & W 32 St,"40,74854862","-73,98808416",19962,Subscriber,1969,male,2013,7,2013-07,
1,786,1/07/2013 0:14:36,146,Hudson St & Reade St,"40,71625008","-74,0091059",161,LaGuardia Pl & W 3 St,"40,72917025","-73,99810231",17622,Customer,,unknown,2013,7,2013-07,
1,521,1/07/2013 0:14:38,362,Broadway & W 37 St,"40,75172632","-73,98753523",482,W 15 St & 7 Ave,"40,73935542","-73,99931783",19357,Subscriber,1963,male,2013,7,2013-07,
1,749,1/07/2013 0:14:45,467,Dean St & 4 Ave,"40,68312489","-73,97895137",354,Emerson Pl & Myrtle Ave,"40,69363137","-73,96223558",16924,Subscriber,1988,male,2013,7,2013-07,
1,373,1/07/2013 0:14:58,329,Greenwich St & N Moore St,"40,72043411","-74,01020609",348,W Broadway & Spring St,"40,72490985","-74,00154702",19290,Subscriber,1990,male,2013,7,2013-07,
1,1185,1/07/2013 0:15:32,306,Cliff St & Fulton St,"40,70823502","-74,00530063",393,E 5 St & Avenue C,"40,72299208","-73,97995466",16428,Subscriber,1986,male,2013,7,2013-07,
1,269,1/07/2013 0:15:49,504,1 Ave & E 15 St,"40,73221853","-73,98165557",512,W 29 St & 9 Ave,"40,7500727","-73,99839279",16334,Customer,,unknown,2013,7,2013-07,
1,304,1/07/2013 0:16:06,357,E 11 St & Broadway,"40,73261787","-73,99158043",229,Great Jones St,"40,72743423","-73,99379025",20176,Subscriber,1973,male,2013,7,2013-07,
1,1044,1/07/2013 0:16:26,521,8 Ave & W 31 St,"40,75044999","-73,99481051",2003,1 Ave & E 18 St,"40,73416059","-73,98024289",20620,Subscriber,1987,male,2013,7,2013-07,
1,116,1/07/2013 0:16:30,394,E 9 St & Avenue C,"40,72521311","-73,97768752",266,Avenue D & E 8 St,"40,72368361","-73,97574813",15003,Customer,,unknown,2013,7,2013-07,
1,113,1/07/2013 0:17:00,308,St James Pl & Oliver St,"40,71307916","-73,99851193",386,Centre St & Worth St,"40,71494807","-74,00234482",15786,Subscriber,1985,male,2013,7,2013-07,
1,469,1/07/2013 0:17:14,335,Washington Pl & Broadway,"40,72903917","-73,99404649",393,E 5 St & Avenue C,"40,72299208","-73,97995466",18098,Subscriber,1979,male,2013,7,2013-07,
1,1573,1/07/2013 0:17:41,380,W 4 St & 7 Ave S,"40,73401143","-74,00293877",471,Grand St & Havemeyer St,"40,71286844","-73,95698119",19488,Subscriber,1978,female,2013,7,2013-07,
1,633,1/07/2013 0:18:09,334,W 20 St & 7 Ave,"40,74238787","-73,99726235",483,E 12 St & 3 Ave,"40,73223272","-73,98889957",20517,Subscriber,1967,male,2013,7,2013-07,
1,1681,1/07/2013 0:18:11,523,W 38 St & 8 Ave,"40,75466591","-73,99138152",513,W 56 St & 10 Ave,"40,768254","-73,988639",20555,Subscriber,1953,male,2013,7,2013-07,
1,403,1/07/2013 0:18:19,225,W 14 St & The High Line,"40,74195138","-74,00803013",482,W 15 St & 7 Ave,"40,73935542","-73,99931783",17104,Subscriber,1987,male,2013,7,2013-07,
1,1263,1/07/2013 0:18:29,450,W 49 St & 8 Ave,"40,76227205","-73,98788205",317,E 6 St & Avenue B,"40,72453734","-73,98185424",20249,Subscriber,1986,male,2013,7,2013-07,
1,2192,1/07/2013 0:18:32,309,Murray St & West St,"40,7149787","-74,013012",488,W 39 St & 9 Ave,"40,75645824","-73,99372222",16059,Subscriber,1960,male,2013,7,2013-07,
1,834,1/07/2013 0:18:33,497,E 17 St & Broadway,"40,73704984","-73,99009296",521,8 Ave & W 31 St,"40,75044999","-73,99481051",17767,Subscriber,1991,female,2013,7,2013-07,
1,463,1/07/2013 0:18:44,533,Broadway & W 39 St,"40,75299641","-73,98721619",528,2 Ave & E 31 St,"40,74290902","-73,97706058",20351,Subscriber,1991,male,2013,7,2013-07,
1,2106,1/07/2013 0:18:51,434,9 Ave & W 18 St,"40,74317449","-74,00366443",458,11 Ave & W 27 St,"40,751396","-74,005226",16935,Subscriber,1972,male,2013,7,2013-07,
1,1939,1/07/2013 0:19:12,2008,Little West St & 1 Pl,"40,70569254","-74,01677685",450,W 49 St & 8 Ave,"40,76227205","-73,98788205",15743,Customer,,unknown,2013,7,2013-07,
1,769,1/07/2013 0:19:16,362,Broadway & W 37 St,"40,75172632","-73,98753523",423,W 54 St & 9 Ave,"40,76584941","-73,98690506",16231,Subscriber,1975,male,2013,7,2013-07,
1,215,1/07/2013 0:19:28,428,E 3 St & 1 Ave,"40,72467721","-73,98783413",458,11 Ave & W 27 St,"40,751396","-74,005226",18560,Subscriber,1970,male,2013,7,2013-07,
1,159,1/07/2013 0:19:31,224,Spruce St & Nassau St,"40,71146364","-74,00552427",264,Maiden Ln & Pearl St,"40,70706456","-74,00731853",16525,Subscriber,1961,male,2013,7,2013-07,
1,968,1/07/2013 0:20:07,396,Lefferts Pl & Franklin Ave,"40,68034242","-73,95576894",282,Kent Ave & S 11 St,"40,70827295","-73,96834101",16311,Subscriber,1956,male,2013,7,2013-07,
1,1391,1/07/2013 0:20:42,404,9 Ave & W 14 St,"40,7405826","-74,00550867",518,E 39 St & 2 Ave,"40,74780373","-73,9734419",18076,Subscriber,1986,male,2013,7,2013-07,
1,227,1/07/2013 0:20:44,368,Carmine St & 6 Ave,"40,73038599","-74,00214988",489,10 Ave & W 28 St,"40,75066386","-74,00176802",16204,Customer,,unknown,2013,7,2013-07,
1,536,1/07/2013 0:20:51,248,Laight St & Hudson St,"40,72185379","-74,00771779",229,Great Jones St,"40,72743423","-73,99379025",17782,Subscriber,1968,male,2013,7,2013-07,
1,679,1/07/2013 0:21:22,449,W 52 St & 9 Ave,"40,76461837","-73,98789473",478,11 Ave & W 41 St,"40,76030096","-73,99884222",15742,Customer,,unknown,2013,7,2013-07,
1,759,1/07/2013 0:21:42,247,Perry St & Bleecker St,"40,73535398","-74,00483091",146,Hudson St & Reade St,"40,71625008","-74,0091059",19512,Customer,,unknown,2013,7,2013-07,
1,1113,1/07/2013 0:21:56,173,Broadway & W 49 St,"40,76064679","-73,98442659",531,Forsyth St & Broome St,"40,71893904","-73,99266288",16540,Customer,,unknown,2013,7,2013-07,
1,1119,1/07/2013 0:24:04,237,E 11 St & 2 Ave,"40,73047309","-73,98672378",503,E 20 St & Park Ave,"40,73827428","-73,98751968",14548,Subscriber,1982,male,2013,7,2013-07,
1,817,1/07/2013 0:24:26,167,E 39 St & 3 Ave,"40,7489006","-73,97604882",305,E 58 St & 3 Ave,"40,76095756","-73,96724467",15294,Customer,,unknown,2013,7,2013-07,
1,1179,1/07/2013 0:25:16,528,2 Ave & E 31 St,"40,74290902","-73,97706058",401,Allen St & Rivington St,"40,72019576","-73,98997825",18922,Subscriber,1979,male,2013,7,2013-07,
1,1215,1/07/2013 0:25:22,528,2 Ave & E 31 St,"40,74290902","-73,97706058",401,Allen St & Rivington St,"40,72019576","-73,98997825",17538,Subscriber,1982,female,2013,7,2013-07,
1,1415,1/07/2013 0:25:31,265,Stanton St & Chrystie St,"40,72229346","-73,99147535",282,Kent Ave & S 11 St,"40,70827295","-73,96834101",17842,Subscriber,1970,male,2013,7,2013-07,
1,884,1/07/2013 0:25:31,268,Howard St & Centre St,"40,71910537","-73,99973337",387,Centre St & Chambers St,"40,71273266","-74,0046073",18014,Customer,,unknown,2013,7,2013-07,
1,1020,1/07/2013 0:25:51,468,Broadway & W 55 St,"40,7652654","-73,98192338",448,W 37 St & 10 Ave,"40,75660359","-73,9979009",17243,Customer,,unknown,2013,7,2013-07,
1,1526,1/07/2013 0:26:30,509,9 Ave & W 22 St,"40,7454973","-74,00197139",2002,Wythe Ave & Metropolitan Ave,"40,716887","-73,963198",17781,Customer,,unknown,2013,7,2013-07,
1,1541,1/07/2013 0:26:34,459,W 20 St & 11 Ave,"40,746745","-74,007756",2002,Wythe Ave & Metropolitan Ave,"40,716887","-73,963198",19816,Customer,,unknown,2013,7,2013-07,
1,908,1/07/2013 0:26:35,317,E 6 St & Avenue B,"40,72453734","-73,98185424",385,E 55 St & 2 Ave,"40,75797322","-73,96603308",18731,Customer,,unknown,2013,7,2013-07,
1,66,1/07/2013 0:26:35,528,2 Ave & E 31 St,"40,74290902","-73,97706058",528,2 Ave & E 31 St,"40,74290902","-73,97706058",15686,Subscriber,1991,male,2013,7,2013-07,
1,1710,1/07/2013 0:26:38,387,Centre St & Chambers St,"40,71273266","-74,0046073",396,Lefferts Pl & Franklin Ave,"40,68034242","-73,95576894",19230,Customer,,unknown,2013,7,2013-07,
1,1249,1/07/2013 0:26:39,373,Willoughby Ave & Walworth St,"40,69331716","-73,95381995",443,Bedford Ave & S 9th St,"40,70853074","-73,96408963",19155,Customer,,unknown,2013,7,2013-07,
1,1265,1/07/2013 0:26:47,470,W 20 St & 8 Ave,"40,74345335","-74,00004031",464,E 56 St & 3 Ave,"40,75934501","-73,96759673",17222,Subscriber,1956,male,2013,7,2013-07,
1,833,1/07/2013 0:26:58,320,Church St & Leonard St,"40,71743998","-74,00583475",237,E 11 St & 2 Ave,"40,73047309","-73,98672378",15702,Customer,,unknown,2013,7,2013-07,
1,736,1/07/2013 0:28:01,268,Howard St & Centre St,"40,71910537","-73,99973337",387,Centre St & Chambers St,"40,71273266","-74,0046073",15393,Customer,,unknown,2013,7,2013-07,
1,714,1/07/2013 0:28:05,237,E 11 St & 2 Ave,"40,73047309","-73,98672378",307,Canal St & Rutgers St,"40,71427487","-73,98990025",17642,Subscriber,1975,male,2013,7,2013-07,
1,643,1/07/2013 0:28:10,489,10 Ave & W 28 St,"40,75066386","-74,00176802",225,W 14 St & The High Line,"40,74195138","-74,00803013",17459,Customer,,unknown,2013,7,2013-07,
1,850,1/07/2013 0:28:43,312,Allen St & E Houston St,"40,722055","-73,989111",127,Barrow St & Hudson St,"40,73172428","-74,00674436",16768,Subscriber,1978,female,2013,7,2013-07,
1,186,1/07/2013 0:28:45,462,W 22 St & 10 Ave,"40,74691959","-74,00451887",492,W 33 St & 7 Ave,"40,75019995","-73,99093085",19635,Customer,,unknown,2013,7,2013-07,
1,677,1/07/2013 0:29:06,268,Howard St & Centre St,"40,71910537","-73,99973337",387,Centre St & Chambers St,"40,71273266","-74,0046073",15741,Customer,,unknown,2013,7,2013-07,
1,486,1/07/2013 0:29:11,375,Mercer St & Bleecker St,"40,72679454","-73,99695094",394,E 9 St & Avenue C,"40,72521311","-73,97768752",19473,Customer,,unknown,2013,7,2013-07,
1,1097,1/07/2013 0:29:35,157,Henry St & Atlantic Ave,"40,69089272","-73,99612349",437,Macon St & Nostrand Ave,"40,68098339","-73,95004798",19299,Customer,,unknown,2013,7,2013-07,
1,463,1/07/2013 0:30:03,402,Broadway & E 22 St,"40,7403432","-73,98955109",382,University Pl & E 14 St,"40,73492695","-73,99200509",19536,Subscriber,1982,male,2013,7,2013-07,
1,360,1/07/2013 0:31:43,442,W 27 St & 7 Ave,"40,746647","-73,993915",482,W 15 St & 7 Ave,"40,73935542","-73,99931783",16422,Subscriber,1987,male,2013,7,2013-07,
1,943,1/07/2013 0:31:49,116,W 17 St & 8 Ave,"40,74177603","-74,00149746",247,Perry St & Bleecker St,"40,73535398","-74,00483091",16532,Customer,,unknown,2013,7,2013-07,
1,1873,1/07/2013 0:32:00,534,Water - Whitehall Plaza,"40,70255065","-74,0127234",396,Lefferts Pl & Franklin Ave,"40,68034242","-73,95576894",17416,Customer,,unknown,2013,7,2013-07,
1,807,1/07/2013 0:32:07,393,E 5 St & Avenue C,"40,72299208","-73,97995466",412,Forsyth St & Canal St,"40,7158155","-73,99422366",19454,Subscriber,1954,female,2013,7,2013-07,
1,1000,1/07/2013 0:32:41,128,MacDougal St & Prince St,"40,72710258","-74,00297088",128,MacDougal St & Prince St,"40,72710258","-74,00297088",15480,Customer,,unknown,2013,7,2013-07,
1,184,1/07/2013 0:32:42,294,Washington Square E,"40,73049393","-73,9957214",375,Mercer St & Bleecker St,"40,72679454","-73,99695094",20590,Subscriber,1971,male,2013,7,2013-07,
1,899,1/07/2013 0:32:55,320,Church St & Leonard St,"40,71743998","-74,00583475",445,E 10 St & Avenue A,"40,72740794","-73,98142006",18644,Subscriber,1987,female,2013,7,2013-07,
1,291,1/07/2013 0:34:12,461,E 20 St & 2 Ave,"40,73587678","-73,98205027",527,E 33 St & 1 Ave,"40,74315566","-73,97434726",20243,Subscriber,1962,female,2013,7,2013-07,
1,406,1/07/2013 0:34:15,335,Washington Pl & Broadway,"40,72903917","-73,99404649",479,9 Ave & W 45 St,"40,76019252","-73,9912551",16343,Customer,,unknown,2013,7,2013-07,
1,1244,1/07/2013 0:35:25,536,1 Ave & E 30 St,"40,74144387","-73,97536082",490,8 Ave & W 33 St,"40,751551","-73,993934",16516,Customer,,unknown,2013,7,2013-07,
1,843,1/07/2013 0:35:29,523,W 38 St & 8 Ave,"40,75466591","-73,99138152",521,8 Ave & W 31 St,"40,75044999","-73,99481051",15208,Customer,,unknown,2013,7,2013-07,
1,874,1/07/2013 0:35:38,523,W 38 St & 8 Ave,"40,75466591","-73,99138152",521,8 Ave & W 31 St,"40,75044999","-73,99481051",17219,Customer,,unknown,2013,7,2013-07,
1,864,1/07/2013 0:36:06,2004,6 Ave & Broome St,"40,724399","-74,004704",507,E 25 St & 2 Ave,"40,73912601","-73,97973776",18724,Customer,,unknown,2013,7,2013-07,
1,199,1/07/2013 0:36:15,305,E 58 St & 3 Ave,"40,76095756","-73,96724467",305,E 58 St & 3 Ave,"40,76095756","-73,96724467",20134,Subscriber,1989,male,2013,7,2013-07,
1,245,1/07/2013 0:36:20,380,W 4 St & 7 Ave S,"40,73401143","-74,00293877",404,9 Ave & W 14 St,"40,7405826","-74,00550867",19931,Subscriber,1985,male,2013,7,2013-07,
1,293,1/07/2013 0:36:35,237,E 11 St & 2 Ave,"40,73047309","-73,98672378",268,Howard St & Centre St,"40,71910537","-73,99973337",19495,Customer,,unknown,2013,7,2013-07,
1,663,1/07/2013 0:36:56,375,Mercer St & Bleecker St,"40,72679454","-73,99695094",316,Fulton St & William St,"40,70955958","-74,00653609",16120,Subscriber,1990,male,2013,7,2013-07,
1,246,1/07/2013 0:37:10,237,E 11 St & 2 Ave,"40,73047309","-73,98672378",433,E 13 St & Avenue A,"40,72955361","-73,98057249",20522,Subscriber,1982,male,2013,7,2013-07,
1,644,1/07/2013 0:37:23,472,E 32 St & Park Ave,"40,7457121","-73,98194829",3002,South End Ave & Liberty St,"40,711512","-74,015756",19147,Subscriber,1954,male,2013,7,2013-07,
1,251,1/07/2013 0:37:33,476,E 31 St & 3 Ave,"40,74394314","-73,97966069",507,E 25 St & 2 Ave,"40,73912601","-73,97973776",19642,Subscriber,1991,male,2013,7,2013-07,
1,509,1/07/2013 0:37:50,394,E 9 St & Avenue C,"40,72521311","-73,97768752",349,Rivington St & Ridge St,"40,71850211","-73,98329859",17756,Customer,,unknown,2013,7,2013-07,
1,513,1/07/2013 0:38:15,394,E 9 St & Avenue C,"40,72521311","-73,97768752",349,Rivington St & Ridge St,"40,71850211","-73,98329859",16746,Customer,,unknown,2013,7,2013-07,
1,472,1/07/2013 0:38:16,410,Suffolk St & Stanton St,"40,72066442","-73,98517977",72,W 52 St & 11 Ave,"40,76727216","-73,99392888",17764,Subscriber,1980,male,2013,7,2013-07,
1,588,1/07/2013 0:38:32,486,Broadway & W 29 St,"40,7462009","-73,98855723",164,E 47 St & 2 Ave,"40,75323098","-73,97032517",15204,Subscriber,1989,male,2013,7,2013-07,
1,520,1/07/2013 0:38:33,448,W 37 St & 10 Ave,"40,75660359","-73,9979009",379,W 31 St & 7 Ave,"40,749156","-73,9916",17964,Subscriber,1988,male,2013,7,2013-07,
1,466,1/07/2013 0:38:36,394,E 9 St & Avenue C,"40,72521311","-73,97768752",349,Rivington St & Ridge St,"40,71850211","-73,98329859",15295,Customer,,unknown,2013,7,2013-07,
1,1440,1/07/2013 0:38:58,2003,1 Ave & E 18 St,"40,73416059","-73,98024289",2003,1 Ave & E 18 St,"40,73416059","-73,98024289",18030,Customer,,unknown,2013,7,2013-07,
1,1737,1/07/2013 0:39:07,305,E 58 St & 3 Ave,"40,76095756","-73,96724467",464,E 56 St & 3 Ave,"40,75934501","-73,96759673",15294,Customer,,unknown,2013,7,2013-07,
1,554,1/07/2013 0:39:11,317,E 6 St & Avenue B,"40,72453734","-73,98185424",469,Broadway & W 53 St,"40,76344058","-73,98268129",16979,Customer,,unknown,2013,7,2013-07,
1,2882,1/07/2013 0:39:23,217,Old Fulton St,"40,70277159","-73,99383605",387,Centre St & Chambers St,"40,71273266","-74,0046073",19220,Customer,,unknown,2013,7,2013-07,
1,536,1/07/2013 0:39:34,486,Broadway & W 29 St,"40,7462009","-73,98855723",469,Broadway & W 53 St,"40,76344058","-73,98268129",17631,Customer,,unknown,2013,7,2013-07,
1,706,1/07/2013 0:40:07,518,E 39 St & 2 Ave,"40,74780373","-73,9734419",495,W 47 St & 10 Ave,"40,76269882","-73,99301222",16165,Subscriber,1977,male,2013,7,2013-07,
1,876,1/07/2013 0:40:23,2003,1 Ave & E 18 St,"40,73416059","-73,98024289",393,E 5 St & Avenue C,"40,72299208","-73,97995466",20165,Subscriber,1981,male,2013,7,2013-07,
1,909,1/07/2013 0:40:29,2003,1 Ave & E 18 St,"40,73416059","-73,98024289",393,E 5 St & Avenue C,"40,72299208","-73,97995466",17300,Subscriber,1983,male,2013,7,2013-07,
1,862,1/07/2013 0:40:43,290,2 Ave & E 58 St,"40,76020258","-73,96478473",433,E 13 St & Avenue A,"40,72955361","-73,98057249",19302,Subscriber,1968,male,2013,7,2013-07,
1,619,1/07/2013 0:40:58,335,Washington Pl & Broadway,"40,72903917","-73,99404649",2003,1 Ave & E 18 St,"40,73416059","-73,98024289",18882,Customer,,unknown,2013,7,2013-07,
1,370,1/07/2013 0:41:03,402,Broadway & E 22 St,"40,7403432","-73,98955109",335,Washington Pl & Broadway,"40,72903917","-73,99404649",18597,Subscriber,1981,male,2013,7,2013-07,
1,692,1/07/2013 0:41:09,319,Park Pl & Church St,"40,71336124","-74,00937622",472,E 32 St & Park Ave,"40,7457121","-73,98194829",19603,Subscriber,1976,male,2013,7,2013-07,
1,212,1/07/2013 0:41:15,528,2 Ave & E 31 St,"40,74290902","-73,97706058",507,E 25 St & 2 Ave,"40,73912601","-73,97973776",17201,Subscriber,1968,male,2013,7,2013-07,
1,2625,1/07/2013 0:41:38,217,Old Fulton St,"40,70277159","-73,99383605",387,Centre St & Chambers St,"40,71273266","-74,0046073",16310,Customer,,unknown,2013,7,2013-07,
1,908,1/07/2013 0:41:42,434,9 Ave & W 18 St,"40,74317449","-74,00366443",228,E 48 St & 3 Ave,"40,7546011","-73,97187886",16613,Subscriber,1991,male,2013,7,2013-07,
1,702,1/07/2013 0:41:53,482,W 15 St & 7 Ave,"40,73935542","-73,99931783",445,E 10 St & Avenue A,"40,72740794","-73,98142006",17104,Customer,,unknown,2013,7,2013-07,
1,1374,1/07/2013 0:42:36,507,E 25 St & 2 Ave,"40,73912601","-73,97973776",389,Broadway & Berry St,"40,71044554","-73,96525063",20105,Subscriber,1991,male,2013,7,2013-07,
1,588,1/07/2013 0:42:42,2004,6 Ave & Broome St,"40,724399","-74,004704",472,E 32 St & Park Ave,"40,7457121","-73,98194829",15969,Subscriber,1969,male,2013,7,2013-07,
1,1393,1/07/2013 0:42:46,387,Centre St & Chambers St,"40,71273266","-74,0046073",426,West St & Chambers St,"40,71754834","-74,01322069",15741,Customer,,unknown,2013,7,2013-07,
1,1327,1/07/2013 0:42:53,336,Sullivan St & Washington Sq,"40,73047747","-73,99906065",478,11 Ave & W 41 St,"40,76030096","-73,99884222",18109,Subscriber,1972,male,2013,7,2013-07,
1,441,1/07/2013 0:43:06,462,W 22 St & 10 Ave,"40,74691959","-74,00451887",446,W 24 St & 7 Ave,"40,74487634","-73,99529885",18359,Subscriber,1976,male,2013,7,2013-07,
1,1320,1/07/2013 0:43:48,387,Centre St & Chambers St,"40,71273266","-74,0046073",426,West St & Chambers St,"40,71754834","-74,01322069",14939,Customer,,unknown,2013,7,2013-07,
1,1850,1/07/2013 0:44:33,489,10 Ave & W 28 St,"40,75066386","-74,00176802",493,W 45 St & 6 Ave,"40,7568001","-73,98291153",15560,Customer,,unknown,2013,7,2013-07,
1,185,1/07/2013 0:44:46,143,Clinton St & Joralemon St,"40,69239502","-73,99337909",391,Clark St & Henry St,"40,69760127","-73,99344559",20203,Subscriber,1997,male,2013,7,2013-07,
1,1417,1/07/2013 0:45:16,225,W 14 St & The High Line,"40,74195138","-74,00803013",426,West St & Chambers St,"40,71754834","-74,01322069",19150,Customer,,unknown,2013,7,2013-07,
1,1054,1/07/2013 0:45:19,499,Broadway & W 60 St,"40,76915505","-73,98191841",297,E 15 St & 3 Ave,"40,734232","-73,986923",19273,Subscriber,1987,male,2013,7,2013-07,
1,444,1/07/2013 0:45:28,392,Jay St & Tech Pl,"40,695065","-73,987167",311,Norfolk St & Broome St,"40,7172274","-73,98802084",16847,Subscriber,1980,male,2013,7,2013-07,
1,1346,1/07/2013 0:45:42,412,Forsyth St & Canal St,"40,7158155","-73,99422366",366,Clinton Ave & Myrtle Ave,"40,693261","-73,968896",19454,Subscriber,1954,female,2013,7,2013-07,
1,27803,1/07/2013 0:45:44,229,Great Jones St,"40,72743423","-73,99379025",509,9 Ave & W 22 St,"40,7454973","-74,00197139",17946,Subscriber,1980,male,2013,7,2013-07,
1,831,1/07/2013 0:46:00,428,E 3 St & 1 Ave,"40,72467721","-73,98783413",263,Elizabeth St & Hester St,"40,71729","-73,996375",15929,Subscriber,1975,male,2013,7,2013-07,
1,3670,1/07/2013 0:46:05,483,E 12 St & 3 Ave,"40,73223272","-73,98889957",83,Atlantic Ave & Fort Greene Pl,"40,68382604","-73,97632328",18582,Customer,,unknown,2013,7,2013-07,
1,1895,1/07/2013 0:46:23,375,Mercer St & Bleecker St,"40,72679454","-73,99695094",465,Broadway & W 41 St,"40,75513557","-73,98658032",17888,Customer,,unknown,2013,7,2013-07,
1,150,1/07/2013 0:46:29,317,E 6 St & Avenue B,"40,72453734","-73,98185424",317,E 6 St & Avenue B,"40,72453734","-73,98185424",15894,Subscriber,1988,female,2013,7,2013-07,
1,1179,1/07/2013 0:46:36,167,E 39 St & 3 Ave,"40,7489006","-73,97604882",422,W 59 St & 10 Ave,"40,770513","-73,988038",14777,Subscriber,1981,male,2013,7,2013-07,
1,1415,1/07/2013 0:46:45,524,W 43 St & 6 Ave,"40,75527307","-73,98316936",79,Franklin St & W Broadway,"40,71911552","-74,00666661",20241,Subscriber,1982,male,2013,7,2013-07,
1,782,1/07/2013 0:47:21,485,W 37 St & 5 Ave,"40,75038009","-73,98338988",385,E 55 St & 2 Ave,"40,75797322","-73,96603308",15013,Subscriber,1979,male,2013,7,2013-07,
1,605,1/07/2013 0:47:37,323,Lawrence St & Willoughby St,"40,69236178","-73,98631746",354,Emerson Pl & Myrtle Ave,"40,69363137","-73,96223558",19004,Subscriber,1984,male,2013,7,2013-07,
1,1079,1/07/2013 0:48:18,322,Clinton St & Tillary St,"40,696192","-73,991218",385,E 55 St & 2 Ave,"40,75797322","-73,96603308",15018,Subscriber,1985,male,2013,7,2013-07,
1,58705,1/07/2013 0:48:22,483,E 12 St & 3 Ave,"40,73223272","-73,98889957",437,Macon St & Nostrand Ave,"40,68098339","-73,95004798",16801,Customer,,unknown,2013,7,2013-07,
1,1518,1/07/2013 0:48:33,511,E 14 St & Avenue B,"40,72938685","-73,97772429",508,W 46 St & 11 Ave,"40,76341379","-73,99667444",17593,Subscriber,1982,male,2013,7,2013-07,
1,1932,1/07/2013 0:48:36,348,W Broadway & Spring St,"40,72490985","-74,00154702",360,William St & Pine St,"40,70717936","-74,00887308",17362,Customer,,unknown,2013,7,2013-07,
1,746,1/07/2013 0:48:48,401,Allen St & Rivington St,"40,72019576","-73,98997825",307,Canal St & Rutgers St,"40,71427487","-73,98990025",19190,Subscriber,1982,female,2013,7,2013-07,
1,854,1/07/2013 0:48:58,489,10 Ave & W 28 St,"40,75066386","-74,00176802",496,E 16 St & 5 Ave,"40,73726186","-73,99238967",18884,Subscriber,1971,male,2013,7,2013-07,
1,997,1/07/2013 0:49:01,284,Greenwich Ave & 8 Ave,"40,73901691","-74,00263761",380,W 4 St & 7 Ave S,"40,73401143","-74,00293877",16018,Subscriber,1989,female,2013,7,2013-07,
1,875,1/07/2013 0:49:08,284,Greenwich Ave & 8 Ave,"40,73901691","-74,00263761",507,E 25 St & 2 Ave,"40,73912601","-73,97973776",16760,Subscriber,1987,male,2013,7,2013-07,
1,1297,1/07/2013 0:49:13,428,E 3 St & 1 Ave,"40,72467721","-73,98783413",428,E 3 St & 1 Ave,"40,72467721","-73,98783413",19403,Subscriber,1961,male,2013,7,2013-07,
1,604,1/07/2013 0:49:18,410,Suffolk St & Stanton St,"40,72066442","-73,98517977",308,St James Pl & Oliver St,"40,71307916","-73,99851193",18526,Customer,,unknown,2013,7,2013-07,
1,1508,1/07/2013 0:50:06,515,W 43 St & 10 Ave,"40,76009437","-73,99461843",347,W Houston St & Hudson St,"40,72873888","-74,00748842",16598,Subscriber,1971,male,2013,7,2013-07,
1,1667,1/07/2013 0:50:26,443,Bedford Ave & S 9th St,"40,70853074","-73,96408963",297,E 15 St & 3 Ave,"40,734232","-73,986923",19155,Customer,,unknown,2013,7,2013-07,
1,914,1/07/2013 0:50:31,432,E 7 St & Avenue A,"40,72621788","-73,98379855",494,W 26 St & 8 Ave,"40,74734825","-73,99723551",19271,Subscriber,1979,male,2013,7,2013-07,
1,340,1/07/2013 0:50:36,308,St James Pl & Oliver St,"40,71307916","-73,99851193",264,Maiden Ln & Pearl St,"40,70706456","-74,00731853",19306,Subscriber,1992,female,2013,7,2013-07,
1,330,1/07/2013 0:51:14,493,W 45 St & 6 Ave,"40,7568001","-73,98291153",518,E 39 St & 2 Ave,"40,74780373","-73,9734419",19616,Subscriber,1986,male,2013,7,2013-07,
1,128,1/07/2013 0:51:28,403,E 2 St & 2 Ave,"40,72502876","-73,99069656",428,E 3 St & 1 Ave,"40,72467721","-73,98783413",18798,Subscriber,1956,male,2013,7,2013-07,
1,1193,1/07/2013 0:52:06,410,Suffolk St & Stanton St,"40,72066442","-73,98517977",482,W 15 St & 7 Ave,"40,73935542","-73,99931783",14798,Subscriber,1978,male,2013,7,2013-07,
1,550,1/07/2013 0:52:20,512,W 29 St & 9 Ave,"40,7500727","-73,99839279",518,E 39 St & 2 Ave,"40,74780373","-73,9734419",15555,Subscriber,1991,female,2013,7,2013-07,
1,1172,1/07/2013 0:52:30,410,Suffolk St & Stanton St,"40,72066442","-73,98517977",482,W 15 St & 7 Ave,"40,73935542","-73,99931783",15770,Subscriber,1987,female,2013,7,2013-07,
1,2010,1/07/2013 0:52:38,472,E 32 St & Park Ave,"40,7457121","-73,98194829",410,Suffolk St & Stanton St,"40,72066442","-73,98517977",15969,Subscriber,1969,male,2013,7,2013-07,
1,1732,1/07/2013 0:52:50,472,E 32 St & Park Ave,"40,7457121","-73,98194829",317,E 6 St & Avenue B,"40,72453734","-73,98185424",19603,Subscriber,1976,male,2013,7,2013-07,
1,732,1/07/2013 0:53:14,224,Spruce St & Nassau St,"40,71146364","-74,00552427",351,Front St & Maiden Ln,"40,70530954","-74,00612572",18004,Subscriber,1985,male,2013,7,2013-07,
1,1600,1/07/2013 0:53:23,469,Broadway & W 53 St,"40,76344058","-73,98268129",195,Liberty St & Broadway,"40,70905623","-74,01043382",17097,Customer,,unknown,2013,7,2013-07,
1,554,1/07/2013 0:53:26,404,9 Ave & W 14 St,"40,7405826","-74,00550867",404,9 Ave & W 14 St,"40,7405826","-74,00550867",15883,Subscriber,1985,male,2013,7,2013-07,
1,1599,1/07/2013 0:53:26,469,Broadway & W 53 St,"40,76344058","-73,98268129",195,Liberty St & Broadway,"40,70905623","-74,01043382",17233,Customer,,unknown,2013,7,2013-07,
1,293,1/07/2013 0:53:35,509,9 Ave & W 22 St,"40,7454973","-74,00197139",284,Greenwich Ave & 8 Ave,"40,73901691","-74,00263761",19493,Subscriber,1987,male,2013,7,2013-07,
1,1289,1/07/2013 0:53:36,521,8 Ave & W 31 St,"40,75044999","-73,99481051",499,Broadway & W 60 St,"40,76915505","-73,98191841",17219,Customer,,unknown,2013,7,2013-07,
1,868,1/07/2013 0:53:53,515,W 43 St & 10 Ave,"40,76009437","-73,99461843",284,Greenwich Ave & 8 Ave,"40,73901691","-74,00263761",19388,Subscriber,1980,male,2013,7,2013-07,
1,607,1/07/2013 0:53:58,268,Howard St & Centre St,"40,71910537","-73,99973337",295,Pike St & E Broadway,"40,71406667","-73,99293911",18943,Customer,,unknown,2013,7,2013-07,
1,1225,1/07/2013 0:54:34,521,8 Ave & W 31 St,"40,75044999","-73,99481051",499,Broadway & W 60 St,"40,76915505","-73,98191841",20030,Customer,,unknown,2013,7,2013-07,
1,744,1/07/2013 0:54:46,400,Pitt St & Stanton St,"40,71926081","-73,98178024",380,W 4 St & 7 Ave S,"40,73401143","-74,00293877",19265,Subscriber,1985,female,2013,7,2013-07,
1,537,1/07/2013 0:54:47,237,E 11 St & 2 Ave,"40,73047309","-73,98672378",497,E 17 St & Broadway,"40,73704984","-73,99009296",18144,Subscriber,1983,male,2013,7,2013-07,
1,335,1/07/2013 0:55:36,309,Murray St & West St,"40,7149787","-74,013012",320,Church St & Leonard St,"40,71743998","-74,00583475",15855,Subscriber,1978,male,2013,7,2013-07,
1,1057,1/07/2013 0:55:53,368,Carmine St & 6 Ave,"40,73038599","-74,00214988",387,Centre St & Chambers St,"40,71273266","-74,0046073",16960,Customer,,unknown,2013,7,2013-07,
1,1487,1/07/2013 0:55:56,348,W Broadway & Spring St,"40,72490985","-74,00154702",360,William St & Pine St,"40,70717936","-74,00887308",18920,Customer,,unknown,2013,7,2013-07,
1,1259,1/07/2013 0:56:34,147,Greenwich St & Warren St,"40,71542197","-74,01121978",388,W 26 St & 10 Ave,"40,74971775","-74,00295035",19995,Subscriber,1964,female,2013,7,2013-07,
1,437,1/07/2013 0:57:20,479,9 Ave & W 45 St,"40,76019252","-73,9912551",493,W 45 St & 6 Ave,"40,7568001","-73,98291153",15318,Subscriber,1964,female,2013,7,2013-07,
1,230,1/07/2013 0:57:55,423,W 54 St & 9 Ave,"40,76584941","-73,98690506",508,W 46 St & 11 Ave,"40,76341379","-73,99667444",19239,Subscriber,1984,male,2013,7,2013-07,
1,492,1/07/2013 0:58:34,168,W 18 St & 6 Ave,"40,73971301","-73,99456405",512,W 29 St & 9 Ave,"40,7500727","-73,99839279",17493,Subscriber,1982,female,2013,7,2013-07,
1,959,1/07/2013 0:58:44,396,Lefferts Pl & Franklin Ave,"40,68034242","-73,95576894",396,Lefferts Pl & Franklin Ave,"40,68034242","-73,95576894",19230,Customer,,unknown,2013,7,2013-07,
1,297,1/07/2013 0:58:44,237,E 11 St & 2 Ave,"40,73047309","-73,98672378",475,E 16 St & Irving Pl,"40,73524276","-73,98758561",17741,Customer,,unknown,2013,7,2013-07,
1,772,1/07/2013 0:58:48,483,E 12 St & 3 Ave,"40,73223272","-73,98889957",540,Lexington Ave & E 26 St,"40,74147286","-73,98320928",16418,Customer,,unknown,2013,7,2013-07,
1,368,1/07/2013 0:59:11,410,Suffolk St & Stanton St,"40,72066442","-73,98517977",459,W 20 St & 11 Ave,"40,746745","-74,007756",20147,Subscriber,1978,male,2013,7,2013-07,
1,1723,1/07/2013 0:59:31,405,Washington St & Gansevoort St,"40,739323","-74,008119",355,Bayard St & Baxter St,"40,71602118","-73,99974372",14972,Subscriber,1985,female,2013,7,2013-07,
1,424,1/07/2013 0:59:41,352,W 56 St & 6 Ave,"40,76340613","-73,97722479",422,W 59 St & 10 Ave,"40,770513","-73,988038",17168,Subscriber,1977,male,2013,7,2013-07,
1,650,1/07/2013 1:00:14,405,Washington St & Gansevoort St,"40,739323","-74,008119",329,Greenwich St & N Moore St,"40,72043411","-74,01020609",16438,Customer,,unknown,2013,7,2013-07,
1,1219,1/07/2013 1:00:53,478,11 Ave & W 41 St,"40,76030096","-73,99884222",360,William St & Pine St,"40,70717936","-74,00887308",16994,Customer,,unknown,2013,7,2013-07,
1,804,1/07/2013 1:01:25,483,E 12 St & 3 Ave,"40,73223272","-73,98889957",410,Suffolk St & Stanton St,"40,72066442","-73,98517977",18086,Subscriber,1983,male,2013,7,2013-07,
1,301,1/07/2013 1:03:24,469,Broadway & W 53 St,"40,76344058","-73,98268129",537,Lexington Ave & E 24 St,"40,74025878","-73,98409214",17333,Subscriber,1988,male,2013,7,2013-07,
1,461,1/07/2013 1:03:43,497,E 17 St & Broadway,"40,73704984","-73,99009296",442,W 27 St & 7 Ave,"40,746647","-73,993915",19880,Subscriber,1965,male,2013,7,2013-07,
1,1089,1/07/2013 1:04:27,458,11 Ave & W 27 St,"40,751396","-74,005226",280,E 10 St & 5 Ave,"40,73331967","-73,99510132",20595,Customer,,unknown,2013,7,2013-07,
1,1108,1/07/2013 1:04:37,79,Franklin St & W Broadway,"40,71911552","-74,00666661",280,E 10 St & 5 Ave,"40,73331967","-73,99510132",18545,Customer,,unknown,2013,7,2013-07,
1,1437,1/07/2013 1:04:42,439,E 4 St & 2 Ave,"40,7262807","-73,98978041",439,E 4 St & 2 Ave,"40,7262807","-73,98978041",20330,Customer,,unknown,2013,7,2013-07,
1,473,1/07/2013 1:05:02,324,DeKalb Ave & Hudson Ave,"40,689888","-73,981013",382,University Pl & E 14 St,"40,73492695","-73,99200509",15490,Subscriber,1979,male,2013,7,2013-07,
1,1049,1/07/2013 1:05:14,79,Franklin St & W Broadway,"40,71911552","-74,00666661",280,E 10 St & 5 Ave,"40,73331967","-73,99510132",19096,Customer,,unknown,2013,7,2013-07,
1,1071,1/07/2013 1:06:30,432,E 7 St & Avenue A,"40,72621788","-73,98379855",494,W 26 St & 8 Ave,"40,74734825","-73,99723551",19423,Customer,,unknown,2013,7,2013-07,
1,1266,1/07/2013 1:06:30,450,W 49 St & 8 Ave,"40,76227205","-73,98788205",336,Sullivan St & Washington Sq,"40,73047747","-73,99906065",17046,Customer,,unknown,2013,7,2013-07,
1,1458,1/07/2013 1:08:03,426,West St & Chambers St,"40,71754834","-74,01322069",116,W 17 St & 8 Ave,"40,74177603","-74,00149746",15741,Customer,,unknown,2013,7,2013-07,
1,956,1/07/2013 1:08:34,290,2 Ave & E 58 St,"40,76020258","-73,96478473",385,E 55 St & 2 Ave,"40,75797322","-73,96603308",19748,Subscriber,1951,male,2013,7,2013-07,
1,166,1/07/2013 1:08:37,380,W 4 St & 7 Ave S,"40,73401143","-74,00293877",223,W 13 St & 7 Ave,"40,73781509","-73,99994661",16928,Subscriber,1962,male,2013,7,2013-07,
1,783,1/07/2013 1:08:44,237,E 11 St & 2 Ave,"40,73047309","-73,98672378",311,Norfolk St & Broome St,"40,7172274","-73,98802084",19170,Subscriber,1989,female,2013,7,2013-07,
1,757,1/07/2013 1:08:59,237,E 11 St & 2 Ave,"40,73047309","-73,98672378",311,Norfolk St & Broome St,"40,7172274","-73,98802084",20054,Subscriber,1988,male,2013,7,2013-07,
1,836,1/07/2013 1:09:01,546,E 30 St & Park Ave S,"40,74444921","-73,98303529",326,E 11 St & 1 Ave,"40,72953837","-73,98426726",18387,Subscriber,1983,male,2013,7,2013-07,
1,1162,1/07/2013 1:09:15,453,W 22 St & 8 Ave,"40,74475148","-73,99915362",524,W 43 St & 6 Ave,"40,75527307","-73,98316936",17566,Subscriber,1984,male,2013,7,2013-07,
1,677,1/07/2013 1:09:23,479,9 Ave & W 45 St,"40,76019252","-73,9912551",521,8 Ave & W 31 St,"40,75044999","-73,99481051",19365,Subscriber,1990,female,2013,7,2013-07,
1,49566,1/07/2013 1:09:33,401,Allen St & Rivington St,"40,72019576","-73,98997825",455,1 Ave & E 44 St,"40,75001986","-73,96905301",17775,Subscriber,1966,male,2013,7,2013-07,
1,316,1/07/2013 1:09:38,540,Lexington Ave & E 26 St,"40,74147286","-73,98320928",357,E 11 St & Broadway,"40,73261787","-73,99158043",20578,Subscriber,1983,male,2013,7,2013-07,
1,174,1/07/2013 1:09:39,366,Clinton Ave & Myrtle Ave,"40,693261","-73,968896",258,DeKalb Ave & Vanderbilt Ave,"40,68940747","-73,96885458",18217,Subscriber,1954,female,2013,7,2013-07,
1,805,1/07/2013 1:10:20,540,Lexington Ave & E 26 St,"40,74147286","-73,98320928",410,Suffolk St & Stanton St,"40,72066442","-73,98517977",18524,Customer,,unknown,2013,7,2013-07,
1,880,1/07/2013 1:10:35,161,LaGuardia Pl & W 3 St,"40,72917025","-73,99810231",293,Lafayette St & E 8 St,"40,73028666","-73,9907647",19981,Customer,,unknown,2013,7,2013-07,
1,313,1/07/2013 1:11:03,479,9 Ave & W 45 St,"40,76019252","-73,9912551",493,W 45 St & 6 Ave,"40,7568001","-73,98291153",19620,Subscriber,1980,male,2013,7,2013-07,
1,857,1/07/2013 1:11:13,161,LaGuardia Pl & W 3 St,"40,72917025","-73,99810231",293,Lafayette St & E 8 St,"40,73028666","-73,9907647",18485,Customer,,unknown,2013,7,2013-07,
1,640,1/07/2013 1:11:48,480,W 53 St & 10 Ave,"40,76669671","-73,99061728",309,Murray St & West St,"40,7149787","-74,013012",19581,Subscriber,1991,male,2013,7,2013-07,
1,1096,1/07/2013 1:12:52,389,Broadway & Berry St,"40,71044554","-73,96525063",83,Atlantic Ave & Fort Greene Pl,"40,68382604","-73,97632328",17041,Subscriber,1974,male,2013,7,2013-07,
1,947,1/07/2013 1:12:53,309,Murray St & West St,"40,7149787","-74,013012",416,Cumberland St & Lafayette Ave,"40,68753406","-73,97265183",18003,Subscriber,1985,male,2013,7,2013-07,
1,795,1/07/2013 1:13:27,382,University Pl & E 14 St,"40,73492695","-73,99200509",307,Canal St & Rutgers St,"40,71427487","-73,98990025",19199,Subscriber,1973,female,2013,7,2013-07,
1,628,1/07/2013 1:14:13,497,E 17 St & Broadway,"40,73704984","-73,99009296",499,Broadway & W 60 St,"40,76915505","-73,98191841",16810,Subscriber,1962,male,2013,7,2013-07,
1,945,1/07/2013 1:14:44,426,West St & Chambers St,"40,71754834","-74,01322069",427,State St,"40,70251526","-74,01427023",19150,Customer,,unknown,2013,7,2013-07,
1,1496,1/07/2013 1:14:57,223,W 13 St & 7 Ave,"40,73781509","-73,99994661",410,Suffolk St & Stanton St,"40,72066442","-73,98517977",16928,Subscriber,1983,male,2013,7,2013-07,
1,729,1/07/2013 1:15:03,72,W 52 St & 11 Ave,"40,76727216","-73,99392888",410,Suffolk St & Stanton St,"40,72066442","-73,98517977",17764,Subscriber,1980,male,2013,7,2013-07,
1,937,1/07/2013 1:15:06,426,West St & Chambers St,"40,71754834","-74,01322069",427,State St,"40,70251526","-74,01427023",17331,Customer,,unknown,2013,7,2013-07,
1,591,1/07/2013 1:15:19,467,Dean St & 4 Ave,"40,68312489","-73,97895137",406,Hicks St & Montague St,"40,69512845","-73,99595065",15408,Subscriber,1981,male,2013,7,2013-07,
1,623,1/07/2013 1:15:24,482,W 15 St & 7 Ave,"40,73935542","-73,99931783",368,Carmine St & 6 Ave,"40,73038599","-74,00214988",19357,Customer,,unknown,2013,7,2013-07,
1,855,1/07/2013 1:15:35,307,Canal St & Rutgers St,"40,71427487","-73,98990025",450,W 49 St & 8 Ave,"40,76227205","-73,98788205",19986,Customer,,unknown,2013,7,2013-07,
1,1086,1/07/2013 1:15:36,160,E 37 St & Lexington Ave,"40,748238","-73,978311",528,2 Ave & E 31 St,"40,74290902","-73,97706058",17920,Subscriber,1964,male,2013,7,2013-07,
1,1772,1/07/2013 1:15:39,324,DeKalb Ave & Hudson Ave,"40,689888","-73,981013",290,2 Ave & E 58 St,"40,76020258","-73,96478473",18455,Subscriber,1986,male,2013,7,2013-07,
1,2386,1/07/2013 1:16:23,247,Perry St & Bleecker St,"40,73535398","-74,00483091",116,W 17 St & 8 Ave,"40,74177603","-74,00149746",15959,Subscriber,1970,male,2013,7,2013-07,
1,709,1/07/2013 1:16:26,508,W 46 St & 11 Ave,"40,76341379","-73,99667444",462,W 22 St & 10 Ave,"40,74691959","-74,00451887",19245,Subscriber,1975,male,2013,7,2013-07,
1,807,1/07/2013 1:16:32,233,Joralemon St & Adams St,"40,69246277","-73,98963911",372,Franklin Ave & Myrtle Ave,"40,694528","-73,958089",18386,Subscriber,1985,male,2013,7,2013-07,
1,1227,1/07/2013 1:17:04,518,E 39 St & 2 Ave,"40,74780373","-73,9734419",450,W 49 St & 8 Ave,"40,76227205","-73,98788205",20115,Subscriber,1986,male,2013,7,2013-07,
1,925,1/07/2013 1:17:29,377,6 Ave & Canal St,"40,72243797","-74,00566443",519,Pershing Square N,"40,75188406","-73,97770164",20307,Subscriber,1989,male,2013,7,2013-07,
1,1455,1/07/2013 1:17:38,519,Pershing Square N,"40,75188406","-73,97770164",332,Cherry St,"40,71219906","-73,97948148",16676,Subscriber,1991,male,2013,7,2013-07,
1,413,1/07/2013 1:19:31,465,Broadway & W 41 St,"40,75513557","-73,98658032",173,Broadway & W 49 St,"40,76064679","-73,98442659",17888,Customer,,unknown,2013,7,2013-07,
1,1443,1/07/2013 1:21:08,368,Carmine St & 6 Ave,"40,73038599","-74,00214988",373,Willoughby Ave & Walworth St,"40,69331716","-73,95381995",19446,Customer,,unknown,2013,7,2013-07,
1,659,1/07/2013 1:21:46,477,W 41 St & 8 Ave,"40,75640548","-73,9900262",498,Broadway & W 32 St,"40,74854862","-73,98808416",15839,Subscriber,1965,male,2013,7,2013-07,
1,1435,1/07/2013 1:21:52,317,E 6 St & Avenue B,"40,72453734","-73,98185424",349,Rivington St & Ridge St,"40,71850211","-73,98329859",19603,Subscriber,1976,male,2013,7,2013-07,
1,244,1/07/2013 1:23:19,405,Washington St & Gansevoort St,"40,739323","-74,008119",284,Greenwich Ave & 8 Ave,"40,73901691","-74,00263761",20621,Subscriber,1987,male,2013,7,2013-07,
1,492,1/07/2013 1:24:00,508,W 46 St & 11 Ave,"40,76341379","-73,99667444",388,W 26 St & 10 Ave,"40,74971775","-74,00295035",17593,Subscriber,1962,male,2013,7,2013-07,
1,1082,1/07/2013 1:24:19,489,10 Ave & W 28 St,"40,75066386","-74,00176802",438,St Marks Pl & 1 Ave,"40,72779126","-73,98564945",15032,Subscriber,1977,male,2013,7,2013-07,
1,516,1/07/2013 1:26:09,457,Broadway & W 58 St,"40,76695317","-73,98169333",318,E 43 St & Vanderbilt Ave,"40,75320159","-73,9779874",15876,Subscriber,1964,male,2013,7,2013-07,
1,862,1/07/2013 1:26:18,410,Suffolk St & Stanton St,"40,72066442","-73,98517977",349,Rivington St & Ridge St,"40,71850211","-73,98329859",15969,Subscriber,1969,male,2013,7,2013-07,
1,246,1/07/2013 1:26:35,317,E 6 St & Avenue B,"40,72453734","-73,98185424",410,Suffolk St & Stanton St,"40,72066442","-73,98517977",15768,Customer,,unknown,2013,7,2013-07,
1,214,1/07/2013 1:26:58,317,E 6 St & Avenue B,"40,72453734","-73,98185424",410,Suffolk St & Stanton St,"40,72066442","-73,98517977",16109,Subscriber,1982,male,2013,7,2013-07,
1,186,1/07/2013 1:27:51,434,9 Ave & W 18 St,"40,74317449","-74,00366443",462,W 22 St & 10 Ave,"40,74691959","-74,00451887",15324,Subscriber,1963,male,2013,7,2013-07,
1,266,1/07/2013 1:31:08,317,E 6 St & Avenue B,"40,72453734","-73,98185424",326,E 11 St & 1 Ave,"40,72953837","-73,98426726",18531,Subscriber,1990,male,2013,7,2013-07,
1,1240,1/07/2013 1:31:19,265,Stanton St & Chrystie St,"40,72229346","-73,99147535",472,E 32 St & Park Ave,"40,7457121","-73,98194829",16918,Subscriber,1976,female,2013,7,2013-07,
1,926,1/07/2013 1:32:13,534,Water - Whitehall Plaza,"40,70255065","-74,0127234",387,Centre St & Chambers St,"40,71273266","-74,0046073",19849,Customer,,unknown,2013,7,2013-07,
1,229,1/07/2013 1:32:27,457,Broadway & W 58 St,"40,76695317","-73,98169333",513,W 56 St & 10 Ave,"40,768254","-73,988639",16970,Subscriber,1982,male,2013,7,2013-07,
1,1822,1/07/2013 1:32:54,439,E 4 St & 2 Ave,"40,7262807","-73,98978041",439,E 4 St & 2 Ave,"40,7262807","-73,98978041",20601,Customer,,unknown,2013,7,2013-07,
1,559,1/07/2013 1:33:20,428,E 3 St & 1 Ave,"40,72467721","-73,98783413",2003,1 Ave & E 18 St,"40,73416059","-73,98024289",17943,Customer,,unknown,2013,7,2013-07,
1,200,1/07/2013 1:34:19,444,Broadway & W 24 St,"40,7423543","-73,98915076",334,W 20 St & 7 Ave,"40,74238787","-73,99726235",18848,Subscriber,1991,male,2013,7,2013-07,
1,602,1/07/2013 1:35:23,164,E 47 St & 2 Ave,"40,75323098","-73,97032517",325,E 19 St & 3 Ave,"40,73624527","-73,98473765",15204,Subscriber,1989,male,2013,7,2013-07,
1,688,1/07/2013 1:35:31,427,State St,"40,70251526","-74,01427023",351,Front St & Maiden Ln,"40,70530954","-74,00612572",17662,Customer,,unknown,2013,7,2013-07,
1,634,1/07/2013 1:36:19,427,State St,"40,70251526","-74,01427023",351,Front St & Maiden Ln,"40,70530954","-74,00612572",19150,Customer,,unknown,2013,7,2013-07,
1,250,1/07/2013 1:36:20,387,Centre St & Chambers St,"40,71273266","-74,0046073",316,Fulton St & William St,"40,70955958","-74,00653609",19220,Subscriber,1979,male,2013,7,2013-07,
1,1096,1/07/2013 1:36:57,482,W 15 St & 7 Ave,"40,73935542","-73,99931783",312,Allen St & E Houston St,"40,722055","-73,989111",14798,Subscriber,1974,male,2013,7,2013-07,
1,602,1/07/2013 1:38:19,316,Fulton St & William St,"40,70955958","-74,00653609",291,Madison St & Montgomery St,"40,713126","-73,984844",15027,Subscriber,1959,male,2013,7,2013-07,
1,1652,1/07/2013 1:38:22,379,W 31 St & 7 Ave,"40,749156","-73,9916",368,Carmine St & 6 Ave,"40,73038599","-74,00214988",19515,Subscriber,1980,male,2013,7,2013-07,
1,368,1/07/2013 1:38:58,435,W 21 St & 6 Ave,"40,74173969","-73,99415556",497,E 17 St & Broadway,"40,73704984","-73,99009296",16244,Subscriber,1965,male,2013,7,2013-07,
1,724,1/07/2013 1:38:59,450,W 49 St & 8 Ave,"40,76227205","-73,98788205",504,1 Ave & E 15 St,"40,73221853","-73,98165557",19986,Subscriber,1959,male,2013,7,2013-07,
1,942,1/07/2013 1:39:01,368,Carmine St & 6 Ave,"40,73038599","-74,00214988",504,1 Ave & E 15 St,"40,73221853","-73,98165557",19357,Subscriber,1957,male,2013,7,2013-07,
1,1147,1/07/2013 1:40:24,290,2 Ave & E 58 St,"40,76020258","-73,96478473",385,E 55 St & 2 Ave,"40,75797322","-73,96603308",17310,Subscriber,1951,male,2013,7,2013-07,
1,61,1/07/2013 1:40:43,458,11 Ave & W 27 St,"40,751396","-74,005226",151,Cleveland Pl & Spring St,"40,7218158","-73,99720307",16577,Subscriber,1986,male,2013,7,2013-07,
1,654,1/07/2013 1:40:50,257,Lispenard St & Broadway,"40,71939226","-74,00247214",438,St Marks Pl & 1 Ave,"40,72779126","-73,98564945",18808,Subscriber,1989,male,2013,7,2013-07,
1,818,1/07/2013 1:41:05,426,West St & Chambers St,"40,71754834","-74,01322069",426,West St & Chambers St,"40,71754834","-74,01322069",19450,Customer,,unknown,2013,7,2013-07,
1,727,1/07/2013 1:44:04,388,W 26 St & 10 Ave,"40,74971775","-74,00295035",419,Carlton Ave & Park Ave,"40,69580705","-73,97355569",19995,Subscriber,1985,male,2013,7,2013-07,
1,576,1/07/2013 1:45:22,152,Warren St & Church St,"40,71473993","-74,00910627",426,West St & Chambers St,"40,71754834","-74,01322069",17459,Customer,,unknown,2013,7,2013-07,
1,1310,1/07/2013 1:46:19,403,E 2 St & 2 Ave,"40,72502876","-73,99069656",449,W 52 St & 9 Ave,"40,76461837","-73,98789473",17222,Subscriber,1982,male,2013,7,2013-07,
1,155,1/07/2013 1:46:38,316,Fulton St & William St,"40,70955958","-74,00653609",264,Maiden Ln & Pearl St,"40,70706456","-74,00731853",19220,Subscriber,1979,male,2013,7,2013-07,
1,594,1/07/2013 1:47:59,540,Lexington Ave & E 26 St,"40,74147286","-73,98320928",445,E 10 St & Avenue A,"40,72740794","-73,98142006",15215,Subscriber,1986,female,2013,7,2013-07,
1,1468,1/07/2013 1:48:17,387,Centre St & Chambers St,"40,71273266","-74,0046073",406,Hicks St & Montague St,"40,69512845","-73,99595065",19849,Customer,,unknown,2013,7,2013-07,
1,1568,1/07/2013 1:48:41,532,S 5 Pl & S 4 St,"40,710451","-73,960876",325,E 19 St & 3 Ave,"40,73624527","-73,98473765",15791,Subscriber,1968,male,2013,7,2013-07,
1,1235,1/07/2013 1:48:41,411,E 6 St & Avenue D,"40,72228087","-73,97668709",301,E 2 St & Avenue B,"40,72217444","-73,98368779",14952,Customer,,unknown,2013,7,2013-07,
1,1336,1/07/2013 1:49:33,493,W 45 St & 6 Ave,"40,7568001","-73,98291153",410,Suffolk St & Stanton St,"40,72066442","-73,98517977",15318,Subscriber,1964,female,2013,7,2013-07,
1,422,1/07/2013 1:50:41,334,W 20 St & 7 Ave,"40,74238787","-73,99726235",174,E 25 St & 1 Ave,"40,7381765","-73,97738662",18848,Subscriber,1991,male,2013,7,2013-07,
1,148,1/07/2013 1:51:44,448,W 37 St & 10 Ave,"40,75660359","-73,9979009",448,W 37 St & 10 Ave,"40,75660359","-73,9979009",20150,Subscriber,1982,male,2013,7,2013-07,
1,530,1/07/2013 1:53:57,229,Great Jones St,"40,72743423","-73,99379025",285,Broadway & E 14 St,"40,73454567","-73,99074142",19793,Subscriber,1951,male,2013,7,2013-07,
1,1468,1/07/2013 1:54:00,295,Pike St & E Broadway,"40,71406667","-73,99293911",83,Atlantic Ave & Fort Greene Pl,"40,68382604","-73,97632328",17234,Subscriber,1983,male,2013,7,2013-07,
1,1407,1/07/2013 1:54:56,350,Clinton St & Grand St,"40,71559509","-73,9870295",383,Greenwich Ave & Charles St,"40,735238","-74,000271",17043,Customer,,unknown,2013,7,2013-07,
1,153,1/07/2013 1:54:59,384,Fulton St & Waverly Ave,"40,68317813","-73,9659641",275,Washington Ave & Greene Ave,"40,68650065","-73,96563307",14867,Subscriber,1984,male,2013,7,2013-07,
1,767,1/07/2013 1:56:46,417,Barclay St & Church St,"40,71291224","-74,01020234",2000,Front St & Washington St,"40,70255088","-73,98940236",15116,Subscriber,1970,male,2013,7,2013-07,
1,564,1/07/2013 1:57:00,466,W 25 St & 6 Ave,"40,74395411","-73,99144871",161,LaGuardia Pl & W 3 St,"40,72917025","-73,99810231",15329,Subscriber,1980,male,2013,7,2013-07,
1,1403,1/07/2013 1:57:47,426,West St & Chambers St,"40,71754834","-74,01322069",351,Front St & Maiden Ln,"40,70530954","-74,00612572",19450,Customer,,unknown,2013,7,2013-07,
1,4690,1/07/2013 1:58:16,301,E 2 St & Avenue B,"40,72217444","-73,98368779",455,1 Ave & E 44 St,"40,75001986","-73,96905301",15823,Customer,,unknown,2013,7,2013-07,
1,304,1/07/2013 1:58:17,504,1 Ave & E 15 St,"40,73221853","-73,98165557",527,E 33 St & 1 Ave,"40,74315566","-73,97434726",19986,Subscriber,1991,male,2013,7,2013-07,
1,470,1/07/2013 1:58:27,301,E 2 St & Avenue B,"40,72217444","-73,98368779",428,E 3 St & 1 Ave,"40,72467721","-73,98783413",19554,Customer,,unknown,2013,7,2013-07,
1,807,1/07/2013 1:58:29,446,W 24 St & 7 Ave,"40,74487634","-73,99529885",515,W 43 St & 10 Ave,"40,76009437","-73,99461843",17983,Subscriber,1985,male,2013,7,2013-07,
1,1081,1/07/2013 1:58:39,499,Broadway & W 60 St,"40,76915505","-73,98191841",465,Broadway & W 41 St,"40,75513557","-73,98658032",19874,Customer,,unknown,2013,7,2013-07,
1,494,1/07/2013 1:59:02,368,Carmine St & 6 Ave,"40,73038599","-74,00214988",161,LaGuardia Pl & W 3 St,"40,72917025","-73,99810231",17262,Customer,,unknown,2013,7,2013-07,
1,450,1/07/2013 1:59:23,368,Carmine St & 6 Ave,"40,73038599","-74,00214988",161,LaGuardia Pl & W 3 St,"40,72917025","-73,99810231",18044,Customer,,unknown,2013,7,2013-07,
1,1073,1/07/2013 1:59:33,301,E 2 St & Avenue B,"40,72217444","-73,98368779",284,Greenwich Ave & 8 Ave,"40,73901691","-74,00263761",17007,Subscriber,1971,male,2013,7,2013-07,
1,278,1/07/2013 2:01:18,195,Liberty St & Broadway,"40,70905623","-74,01043382",415,Pearl St & Hanover Square,"40,7047177","-74,00926027",17518,Subscriber,1987,male,2013,7,2013-07,
1,1200,1/07/2013 2:01:18,426,West St & Chambers St,"40,71754834","-74,01322069",351,Front St & Maiden Ln,"40,70530954","-74,00612572",17459,Customer,,unknown,2013,7,2013-07,
1,1183,1/07/2013 2:01:20,426,West St & Chambers St,"40,71754834","-74,01322069",351,Front St & Maiden Ln,"40,70530954","-74,00612572",16834,Customer,,unknown,2013,7,2013-07,
1,652,1/07/2013 2:02:44,318,E 43 St & Vanderbilt Ave,"40,75320159","-73,9779874",461,E 20 St & 2 Ave,"40,73587678","-73,98205027",18639,Subscriber,1978,male,2013,7,2013-07,
1,138,1/07/2013 2:03:09,352,W 56 St & 6 Ave,"40,76340613","-73,97722479",524,W 43 St & 6 Ave,"40,75527307","-73,98316936",15475,Subscriber,1984,male,2013,7,2013-07,
1,405,1/07/2013 2:03:39,524,W 43 St & 6 Ave,"40,75527307","-73,98316936",284,Greenwich Ave & 8 Ave,"40,73901691","-74,00263761",18002,Customer,,unknown,2013,7,2013-07,
1,1117,1/07/2013 2:05:45,531,Forsyth St & Broome St,"40,71893904","-73,99266288",531,Forsyth St & Broome St,"40,71893904","-73,99266288",18021,Subscriber,1961,male,2013,7,2013-07,
1,1791,1/07/2013 2:06:09,406,Hicks St & Montague St,"40,69512845","-73,99595065",365,Fulton St & Grand Ave,"40,68223166","-73,9614583",17793,Subscriber,1977,male,2013,7,2013-07,
1,376,1/07/2013 2:07:21,485,W 37 St & 5 Ave,"40,75038009","-73,98338988",449,W 52 St & 9 Ave,"40,76461837","-73,98789473",16420,Customer,,unknown,2013,7,2013-07,
1,383,1/07/2013 2:09:15,460,S 4 St & Wythe Ave,"40,71285887","-73,96590294",532,S 5 Pl & S 4 St,"40,710451","-73,960876",20292,Subscriber,1977,female,2013,7,2013-07,
1,545,1/07/2013 2:09:41,460,S 4 St & Wythe Ave,"40,71285887","-73,96590294",519,Pershing Square N,"40,75188406","-73,97770164",18265,Subscriber,1981,male,2013,7,2013-07,
1,1201,1/07/2013 2:09:54,301,E 2 St & Avenue B,"40,72217444","-73,98368779",302,Avenue D & E 3 St,"40,72082834","-73,97793172",14952,Customer,,unknown,2013,7,2013-07,
1,466,1/07/2013 2:10:55,128,MacDougal St & Prince St,"40,72710258","-74,00297088",319,Park Pl & Church St,"40,71336124","-74,00937622",15393,Subscriber,1976,male,2013,7,2013-07,
1,1460,1/07/2013 2:12:09,264,Maiden Ln & Pearl St,"40,70706456","-74,00731853",369,Washington Pl & 6 Ave,"40,73224119","-74,00026394",19963,Customer,,unknown,2013,7,2013-07,
1,1459,1/07/2013 2:12:11,264,Maiden Ln & Pearl St,"40,70706456","-74,00731853",369,Washington Pl & 6 Ave,"40,73224119","-74,00026394",16227,Customer,,unknown,2013,7,2013-07,
1,1326,1/07/2013 2:13:35,422,W 59 St & 10 Ave,"40,770513","-73,988038",335,Washington Pl & Broadway,"40,72903917","-73,99404649",20503,Subscriber,1983,male,2013,7,2013-07,
1,655,1/07/2013 2:13:43,533,Broadway & W 39 St,"40,75299641","-73,98721619",457,Broadway & W 58 St,"40,76695317","-73,98169333",16477,Subscriber,1960,male,2013,7,2013-07,
1,744,1/07/2013 2:15:18,406,Hicks St & Montague St,"40,69512845","-73,99595065",161,LaGuardia Pl & W 3 St,"40,72917025","-73,99810231",17512,Customer,,unknown,2013,7,2013-07,
1,710,1/07/2013 2:15:29,406,Hicks St & Montague St,"40,69512845","-73,99595065",161,LaGuardia Pl & W 3 St,"40,72917025","-73,99810231",18788,Subscriber,1982,male,2013,7,2013-07,
1,1068,1/07/2013 2:15:59,531,Forsyth St & Broome St,"40,71893904","-73,99266288",468,Broadway & W 55 St,"40,7652654","-73,98192338",16540,Customer,,unknown,2013,7,2013-07,
1,1180,1/07/2013 2:17:06,2002,Wythe Ave & Metropolitan Ave,"40,716887","-73,963198",312,Allen St & E Houston St,"40,722055","-73,989111",15102,Subscriber,1987,male,2013,7,2013-07,
1,1240,1/07/2013 2:17:53,519,Pershing Square N,"40,75188406","-73,97770164",301,E 2 St & Avenue B,"40,72217444","-73,98368779",20307,Customer,,unknown,2013,7,2013-07,
1,1555,1/07/2013 2:18:48,507,E 25 St & 2 Ave,"40,73912601","-73,97973776",152,Warren St & Church St,"40,71473993","-74,00910627",16760,Customer,,unknown,2013,7,2013-07,
1,386,1/07/2013 2:20:52,128,MacDougal St & Prince St,"40,72710258","-74,00297088",362,Broadway & W 37 St,"40,75172632","-73,98753523",17192,Subscriber,1974,male,2013,7,2013-07,
1,810,1/07/2013 2:21:11,368,Carmine St & 6 Ave,"40,73038599","-74,00214988",303,Mercer St & Spring St,"40,72362738","-73,99949601",19515,Subscriber,1980,male,2013,7,2013-07,
1,914,1/07/2013 2:21:46,351,Front St & Maiden Ln,"40,70530954","-74,00612572",296,Division St & Bowery,"40,71413089","-73,9970468",16321,Customer,,unknown,2013,7,2013-07,
1,1291,1/07/2013 2:21:52,511,E 14 St & Avenue B,"40,72938685","-73,97772429",311,Norfolk St & Broome St,"40,7172274","-73,98802084",19900,Subscriber,1971,male,2013,7,2013-07,
1,869,1/07/2013 2:22:19,351,Front St & Maiden Ln,"40,70530954","-74,00612572",296,Division St & Bowery,"40,71413089","-73,9970468",17459,Customer,,unknown,2013,7,2013-07,
1,842,1/07/2013 2:22:40,351,Front St & Maiden Ln,"40,70530954","-74,00612572",296,Division St & Bowery,"40,71413089","-73,9970468",16834,Customer,,unknown,2013,7,2013-07,
1,836,1/07/2013 2:24:07,79,Franklin St & W Broadway,"40,71911552","-74,00666661",401,Allen St & Rivington St,"40,72019576","-73,98997825",17534,Subscriber,1985,female,2013,7,2013-07,
1,1100,1/07/2013 2:24:45,161,LaGuardia Pl & W 3 St,"40,72917025","-73,99810231",247,Perry St & Bleecker St,"40,73535398","-74,00483091",17262,Customer,,unknown,2013,7,2013-07,
1,1013,1/07/2013 2:25:08,435,W 21 St & 6 Ave,"40,74173969","-73,99415556",308,St James Pl & Oliver St,"40,71307916","-73,99851193",18445,Subscriber,1972,female,2013,7,2013-07,
1,2761,1/07/2013 2:26:53,500,Broadway & W 51 St,"40,76228826","-73,98336183",417,Barclay St & Church St,"40,71291224","-74,01020234",19764,Customer,,unknown,2013,7,2013-07,
1,328,1/07/2013 2:28:35,284,Greenwich Ave & 8 Ave,"40,73901691","-74,00263761",405,Washington St & Gansevoort St,"40,739323","-74,008119",16153,Subscriber,1986,male,2013,7,2013-07,
1,320,1/07/2013 2:28:41,284,Greenwich Ave & 8 Ave,"40,73901691","-74,00263761",405,Washington St & Gansevoort St,"40,739323","-74,008119",15528,Subscriber,1986,male,2013,7,2013-07,
1,263,1/07/2013 2:29:38,440,E 45 St & 3 Ave,"40,75255434","-73,97282625",518,E 39 St & 2 Ave,"40,74780373","-73,9734419",18350,Subscriber,1986,male,2013,7,2013-07,
1,3097,1/07/2013 2:30:30,457,Broadway & W 58 St,"40,76695317","-73,98169333",446,W 24 St & 7 Ave,"40,74487634","-73,99529885",15784,Customer,,unknown,2013,7,2013-07,
1,2048,1/07/2013 2:32:17,335,Washington Pl & Broadway,"40,72903917","-73,99404649",304,Broadway & Battery Pl,"40,70463334","-74,01361706",17679,Customer,,unknown,2013,7,2013-07,
1,527,1/07/2013 2:36:42,468,Broadway & W 55 St,"40,7652654","-73,98192338",437,Macon St & Nostrand Ave,"40,68098339","-73,95004798",16540,Customer,,unknown,2013,7,2013-07,
1,1373,1/07/2013 2:37:40,432,E 7 St & Avenue A,"40,72621788","-73,98379855",391,Clark St & Henry St,"40,69760127","-73,99344559",15814,Subscriber,1989,female,2013,7,2013-07,
1,606,1/07/2013 2:39:16,242,Flushing Ave & Carlton Ave,"40,69788349","-73,97350332",466,W 25 St & 6 Ave,"40,74395411","-73,99144871",16194,Subscriber,1969,male,2013,7,2013-07,
1,2266,1/07/2013 2:39:20,457,Broadway & W 58 St,"40,76695317","-73,98169333",446,W 24 St & 7 Ave,"40,74487634","-73,99529885",19707,Customer,,unknown,2013,7,2013-07,
1,2578,1/07/2013 2:39:31,297,E 15 St & 3 Ave,"40,734232","-73,986923",446,W 24 St & 7 Ave,"40,74487634","-73,99529885",16921,Customer,,unknown,2013,7,2013-07,
1,342,1/07/2013 2:41:37,414,Pearl St & Anchorage Pl,"40,70281858","-73,98765762",278,Concord St & Bridge St,"40,69766564","-73,98476437",17846,Subscriber,1990,male,2013,7,2013-07,
1,396,1/07/2013 2:41:58,414,Pearl St & Anchorage Pl,"40,70281858","-73,98765762",233,Joralemon St & Adams St,"40,69246277","-73,98963911",18192,Subscriber,1992,male,2013,7,2013-07,
1,846,1/07/2013 2:42:52,369,Washington Pl & 6 Ave,"40,73224119","-74,00026394",494,W 26 St & 8 Ave,"40,74734825","-73,99723551",16227,Customer,,unknown,2013,7,2013-07,
1,251,1/07/2013 2:42:55,498,Broadway & W 32 St,"40,74854862","-73,98808416",265,Stanton St & Chrystie St,"40,72229346","-73,99147535",15839,Subscriber,1957,male,2013,7,2013-07,
1,464,1/07/2013 2:42:57,254,W 11 St & 6 Ave,"40,73532427","-73,99800419",325,E 19 St & 3 Ave,"40,73624527","-73,98473765",18633,Customer,,unknown,2013,7,2013-07,
1,799,1/07/2013 2:43:40,369,Washington Pl & 6 Ave,"40,73224119","-74,00026394",494,W 26 St & 8 Ave,"40,74734825","-73,99723551",19427,Customer,,unknown,2013,7,2013-07,
1,867,1/07/2013 2:44:08,254,W 11 St & 6 Ave,"40,73532427","-73,99800419",405,Washington St & Gansevoort St,"40,739323","-74,008119",19807,Subscriber,1969,male,2013,7,2013-07,
1,956,1/07/2013 2:44:36,457,Broadway & W 58 St,"40,76695317","-73,98169333",516,E 47 St & 1 Ave,"40,75206862","-73,96784384",16477,Customer,,unknown,2013,7,2013-07,
1,335,1/07/2013 2:44:56,469,Broadway & W 53 St,"40,76344058","-73,98268129",444,Broadway & W 24 St,"40,7423543","-73,98915076",16979,Customer,,unknown,2013,7,2013-07,
1,342,1/07/2013 2:44:58,469,Broadway & W 53 St,"40,76344058","-73,98268129",444,Broadway & W 24 St,"40,7423543","-73,98915076",17631,Customer,,unknown,2013,7,2013-07,
1,93,1/07/2013 2:45:48,334,W 20 St & 7 Ave,"40,74238787","-73,99726235",334,W 20 St & 7 Ave,"40,74238787","-73,99726235",18542,Subscriber,1988,male,2013,7,2013-07,
1,930,1/07/2013 2:46:08,325,E 19 St & 3 Ave,"40,73624527","-73,98473765",325,E 19 St & 3 Ave,"40,73624527","-73,98473765",17383,Customer,,unknown,2013,7,2013-07,
1,1854,1/07/2013 2:46:35,457,Broadway & W 58 St,"40,76695317","-73,98169333",446,W 24 St & 7 Ave,"40,74487634","-73,99529885",18062,Customer,,unknown,2013,7,2013-07,
1,1798,1/07/2013 2:46:44,401,Allen St & Rivington St,"40,72019576","-73,98997825",327,Vesey Pl & River Terrace,"40,7153379","-74,01658354",16895,Subscriber,1985,female,2013,7,2013-07,
1,2241,1/07/2013 2:46:58,457,Broadway & W 58 St,"40,76695317","-73,98169333",281,Grand Army Plaza & Central Park S,"40,7643971","-73,97371465",19377,Customer,,unknown,2013,7,2013-07,
1,646,1/07/2013 2:47:39,334,W 20 St & 7 Ave,"40,74238787","-73,99726235",433,E 13 St & Avenue A,"40,72955361","-73,98057249",18413,Subscriber,1988,male,2013,7,2013-07,
1,480,1/07/2013 2:47:57,478,11 Ave & W 41 St,"40,76030096","-73,99884222",388,W 26 St & 10 Ave,"40,74971775","-74,00295035",20145,Subscriber,1964,male,2013,7,2013-07,
1,317,1/07/2013 2:48:24,507,E 25 St & 2 Ave,"40,73912601","-73,97973776",504,1 Ave & E 15 St,"40,73221853","-73,98165557",19770,Subscriber,1945,male,2013,7,2013-07,
1,388,1/07/2013 2:48:41,445,E 10 St & Avenue A,"40,72740794","-73,98142006",150,E 2 St & Avenue C,"40,7208736","-73,98085795",14929,Subscriber,1976,male,2013,7,2013-07,
1,462,1/07/2013 2:49:21,478,11 Ave & W 41 St,"40,76030096","-73,99884222",388,W 26 St & 10 Ave,"40,74971775","-74,00295035",17213,Subscriber,1964,male,2013,7,2013-07,
1,387,1/07/2013 2:49:44,478,11 Ave & W 41 St,"40,76030096","-73,99884222",388,W 26 St & 10 Ave,"40,74971775","-74,00295035",18109,Customer,,unknown,2013,7,2013-07,
1,521,1/07/2013 2:50:17,505,6 Ave & W 33 St,"40,74901271","-73,98848395",334,W 20 St & 7 Ave,"40,74238787","-73,99726235",14949,Subscriber,1965,male,2013,7,2013-07,
1,660,1/07/2013 2:51:13,223,W 13 St & 7 Ave,"40,73781509","-73,99994661",394,E 9 St & Avenue C,"40,72521311","-73,97768752",16429,Subscriber,1984,male,2013,7,2013-07,
1,328,1/07/2013 2:52:51,483,E 12 St & 3 Ave,"40,73223272","-73,98889957",428,E 3 St & 1 Ave,"40,72467721","-73,98783413",20142,Subscriber,1983,male,2013,7,2013-07,
1,729,1/07/2013 2:53:40,448,W 37 St & 10 Ave,"40,75660359","-73,9979009",447,8 Ave & W 52 St,"40,76370739","-73,9851615",17243,Customer,,unknown,2013,7,2013-07,
1,1173,1/07/2013 2:54:17,173,Broadway & W 49 St,"40,76064679","-73,98442659",469,Broadway & W 53 St,"40,76344058","-73,98268129",19918,Customer,,unknown,2013,7,2013-07,
1,555,1/07/2013 2:54:29,532,S 5 Pl & S 4 St,"40,710451","-73,960876",421,Clermont Ave & Park Ave,"40,69573398","-73,97129668",18574,Subscriber,1987,male,2013,7,2013-07,
1,232,1/07/2013 2:55:37,423,W 54 St & 9 Ave,"40,76584941","-73,98690506",497,E 17 St & Broadway,"40,73704984","-73,99009296",19759,Subscriber,1967,male,2013,7,2013-07,
1,247,1/07/2013 2:55:56,453,W 22 St & 8 Ave,"40,74475148","-73,99915362",521,8 Ave & W 31 St,"40,75044999","-73,99481051",19162,Subscriber,1967,male,2013,7,2013-07,
1,6164,1/07/2013 2:57:40,498,Broadway & W 32 St,"40,74854862","-73,98808416",498,Broadway & W 32 St,"40,74854862","-73,98808416",19962,Customer,,unknown,2013,7,2013-07,
1,1295,1/07/2013 2:58:46,405,Washington St & Gansevoort St,"40,739323","-74,008119",357,E 11 St & Broadway,"40,73261787","-73,99158043",19807,Subscriber,1969,male,2013,7,2013-07,
1,4639,1/07/2013 3:02:28,379,W 31 St & 7 Ave,"40,749156","-73,9916",510,W 51 St & 6 Ave,"40,7606597","-73,98042047",15824,Customer,,unknown,2013,7,2013-07,
1,1481,1/07/2013 3:04:43,79,Franklin St & W Broadway,"40,71911552","-74,00666661",147,Greenwich St & Warren St,"40,71542197","-74,01121978",18971,Subscriber,1982,male,2013,7,2013-07,
1,436,1/07/2013 3:07:14,307,Canal St & Rutgers St,"40,71427487","-73,98990025",386,Centre St & Worth St,"40,71494807","-74,00234482",18314,Subscriber,1982,female,2013,7,2013-07,
1,343,1/07/2013 3:08:16,161,LaGuardia Pl & W 3 St,"40,72917025","-73,99810231",320,Church St & Leonard St,"40,71743998","-74,00583475",18788,Customer,,unknown,2013,7,2013-07,
1,328,1/07/2013 3:08:23,161,LaGuardia Pl & W 3 St,"40,72917025","-73,99810231",236,St Marks Pl & 2 Ave,"40,7284186","-73,98713956",15329,Subscriber,1982,male,2013,7,2013-07,
1,532,1/07/2013 3:11:14,512,W 29 St & 9 Ave,"40,7500727","-73,99839279",444,Broadway & W 24 St,"40,7423543","-73,98915076",14828,Customer,,unknown,2013,7,2013-07,
1,292,1/07/2013 3:11:46,365,Fulton St & Grand Ave,"40,68223166","-73,9614583",364,Lafayette Ave & Classon Ave,"40,68900443","-73,96023854",18624,Subscriber,1985,male,2013,7,2013-07,
1,32285,1/07/2013 3:12:37,146,Hudson St & Reade St,"40,71625008","-74,0091059",459,W 20 St & 11 Ave,"40,746745","-74,007756",15962,Customer,,unknown,2013,7,2013-07,
1,32276,1/07/2013 3:12:48,146,Hudson St & Reade St,"40,71625008","-74,0091059",267,Broadway & W 36 St,"40,75097711","-73,98765428",19919,Customer,,unknown,2013,7,2013-07,
1,1346,1/07/2013 3:16:50,327,Vesey Pl & River Terrace,"40,7153379","-74,01658354",514,12 Ave & W 40 St,"40,76087502","-74,00277668",16895,Subscriber,1985,female,2013,7,2013-07,
1,1082,1/07/2013 3:17:15,469,Broadway & W 53 St,"40,76344058","-73,98268129",447,8 Ave & W 52 St,"40,76370739","-73,9851615",19918,Customer,,unknown,2013,7,2013-07,
1,1820,1/07/2013 3:18:04,459,W 20 St & 11 Ave,"40,746745","-74,007756",173,Broadway & W 49 St,"40,76064679","-73,98442659",19794,Customer,,unknown,2013,7,2013-07,
1,452,1/07/2013 3:18:45,465,Broadway & W 41 St,"40,75513557","-73,98658032",518,E 39 St & 2 Ave,"40,74780373","-73,9734419",19874,Subscriber,1977,male,2013,7,2013-07,
1,431,1/07/2013 3:20:22,445,E 10 St & Avenue A,"40,72740794","-73,98142006",445,E 10 St & Avenue A,"40,72740794","-73,98142006",16985,Subscriber,1988,female,2013,7,2013-07,
1,522,1/07/2013 3:20:38,489,10 Ave & W 28 St,"40,75066386","-74,00176802",463,9 Ave & W 16 St,"40,74206539","-74,00443172",14836,Subscriber,1970,male,2013,7,2013-07,
1,580,1/07/2013 3:21:06,294,Washington Square E,"40,73049393","-73,9957214",394,E 9 St & Avenue C,"40,72521311","-73,97768752",16915,Subscriber,1981,male,2013,7,2013-07,
1,2877,1/07/2013 3:24:07,446,W 24 St & 7 Ave,"40,74487634","-73,99529885",457,Broadway & W 58 St,"40,76695317","-73,98169333",18062,Customer,,unknown,2013,7,2013-07,
1,1147,1/07/2013 3:25:36,405,Washington St & Gansevoort St,"40,739323","-74,008119",301,E 2 St & Avenue B,"40,72217444","-73,98368779",18033,Subscriber,1956,male,2013,7,2013-07,
1,2846,1/07/2013 3:25:51,446,W 24 St & 7 Ave,"40,74487634","-73,99529885",457,Broadway & W 58 St,"40,76695317","-73,98169333",19707,Customer,,unknown,2013,7,2013-07,
1,2760,1/07/2013 3:26:09,446,W 24 St & 7 Ave,"40,74487634","-73,99529885",457,Broadway & W 58 St,"40,76695317","-73,98169333",19648,Customer,,unknown,2013,7,2013-07,
1,531,1/07/2013 3:26:12,312,Allen St & E Houston St,"40,722055","-73,989111",247,Perry St & Bleecker St,"40,73535398","-74,00483091",15102,Customer,,unknown,2013,7,2013-07,
1,2743,1/07/2013 3:26:25,446,W 24 St & 7 Ave,"40,74487634","-73,99529885",482,W 15 St & 7 Ave,"40,73935542","-73,99931783",14799,Customer,,unknown,2013,7,2013-07,
1,570,1/07/2013 3:26:33,434,9 Ave & W 18 St,"40,74317449","-74,00366443",348,W Broadway & Spring St,"40,72490985","-74,00154702",16581,Subscriber,1990,male,2013,7,2013-07,
1,791,1/07/2013 3:27:33,508,W 46 St & 11 Ave,"40,76341379","-73,99667444",489,10 Ave & W 28 St,"40,75066386","-74,00176802",20339,Customer,,unknown,2013,7,2013-07,
1,2613,1/07/2013 3:28:30,325,E 19 St & 3 Ave,"40,73624527","-73,98473765",457,Broadway & W 58 St,"40,76695317","-73,98169333",18677,Customer,,unknown,2013,7,2013-07,
1,4257,1/07/2013 3:29:22,465,Broadway & W 41 St,"40,75513557","-73,98658032",498,Broadway & W 32 St,"40,74854862","-73,98808416",16165,Customer,,unknown,2013,7,2013-07,
1,4616,1/07/2013 3:31:13,379,W 31 St & 7 Ave,"40,749156","-73,9916",442,W 27 St & 7 Ave,"40,746647","-73,993915",15242,Customer,,unknown,2013,7,2013-07,
1,288,1/07/2013 3:33:03,404,9 Ave & W 14 St,"40,7405826","-74,00550867",223,W 13 St & 7 Ave,"40,73781509","-73,99994661",17792,Subscriber,1964,female,2013,7,2013-07,
1,512,1/07/2013 3:34:26,476,E 31 St & 3 Ave,"40,74394314","-73,97966069",128,MacDougal St & Prince St,"40,72710258","-74,00297088",17951,Subscriber,1980,male,2013,7,2013-07,
1,1356,1/07/2013 3:34:36,296,Division St & Bowery,"40,71413089","-73,9970468",302,Avenue D & E 3 St,"40,72082834","-73,97793172",16226,Customer,,unknown,2013,7,2013-07,
1,1282,1/07/2013 3:35:47,296,Division St & Bowery,"40,71413089","-73,9970468",302,Avenue D & E 3 St,"40,72082834","-73,97793172",16321,Customer,,unknown,2013,7,2013-07,
1,927,1/07/2013 3:37:33,432,E 7 St & Avenue A,"40,72621788","-73,98379855",253,W 13 St & 5 Ave,"40,73543934","-73,99453948",18620,Customer,,unknown,2013,7,2013-07,
1,914,1/07/2013 3:37:55,2003,1 Ave & E 18 St,"40,73416059","-73,98024289",253,W 13 St & 5 Ave,"40,73543934","-73,99453948",15254,Subscriber,1979,male,2013,7,2013-07,
1,1735,1/07/2013 3:38:35,447,8 Ave & W 52 St,"40,76370739","-73,9851615",351,Front St & Maiden Ln,"40,70530954","-74,00612572",19918,Customer,,unknown,2013,7,2013-07,
1,238,1/07/2013 3:44:18,173,Broadway & W 49 St,"40,76064679","-73,98442659",469,Broadway & W 53 St,"40,76344058","-73,98268129",19380,Customer,,unknown,2013,7,2013-07,
1,983,1/07/2013 3:44:39,326,E 11 St & 1 Ave,"40,72953837","-73,98426726",326,E 11 St & 1 Ave,"40,72953837","-73,98426726",20151,Subscriber,1988,female,2013,7,2013-07,
1,279,1/07/2013 3:47:10,349,Rivington St & Ridge St,"40,71850211","-73,98329859",317,E 6 St & Avenue B,"40,72453734","-73,98185424",20289,Subscriber,1976,male,2013,7,2013-07,
1,621,1/07/2013 3:47:51,324,DeKalb Ave & Hudson Ave,"40,689888","-73,981013",316,Fulton St & William St,"40,70955958","-74,00653609",19980,Subscriber,1988,female,2013,7,2013-07,
1,330,1/07/2013 3:53:18,404,9 Ave & W 14 St,"40,7405826","-74,00550867",453,W 22 St & 8 Ave,"40,74475148","-73,99915362",15883,Subscriber,1986,male,2013,7,2013-07,
1,167,1/07/2013 3:53:24,253,W 13 St & 5 Ave,"40,73543934","-73,99453948",253,W 13 St & 5 Ave,"40,73543934","-73,99453948",15254,Subscriber,1979,male,2013,7,2013-07,
1,942,1/07/2013 3:55:32,168,W 18 St & 6 Ave,"40,73971301","-73,99456405",447,8 Ave & W 52 St,"40,76370739","-73,9851615",16710,Subscriber,1970,male,2013,7,2013-07,
1,1059,1/07/2013 4:02:19,476,E 31 St & 3 Ave,"40,74394314","-73,97966069",168,W 18 St & 6 Ave,"40,73971301","-73,99456405",17904,Customer,,unknown,2013,7,2013-07,
1,528,1/07/2013 4:06:32,280,E 10 St & 5 Ave,"40,73331967","-73,99510132",379,W 31 St & 7 Ave,"40,749156","-73,9916",19876,Customer,,unknown,2013,7,2013-07,
1,448,1/07/2013 4:07:19,453,W 22 St & 8 Ave,"40,74475148","-73,99915362",515,W 43 St & 10 Ave,"40,76009437","-73,99461843",15883,Subscriber,1977,male,2013,7,2013-07,
1,761,1/07/2013 4:08:16,496,E 16 St & 5 Ave,"40,73726186","-73,99238967",2003,1 Ave & E 18 St,"40,73416059","-73,98024289",18884,Customer,,unknown,2013,7,2013-07,
1,465,1/07/2013 4:08:21,223,W 13 St & 7 Ave,"40,73781509","-73,99994661",326,E 11 St & 1 Ave,"40,72953837","-73,98426726",19039,Subscriber,1984,male,2013,7,2013-07,
1,690,1/07/2013 4:09:23,496,E 16 St & 5 Ave,"40,73726186","-73,99238967",432,E 7 St & Avenue A,"40,72621788","-73,98379855",20565,Subscriber,1979,male,2013,7,2013-07,
1,270,1/07/2013 4:09:26,505,6 Ave & W 33 St,"40,74901271","-73,98848395",465,Broadway & W 41 St,"40,75513557","-73,98658032",16806,Subscriber,1962,male,2013,7,2013-07,
1,1020,1/07/2013 4:10:32,434,9 Ave & W 18 St,"40,74317449","-74,00366443",428,E 3 St & 1 Ave,"40,72467721","-73,98783413",14821,Subscriber,1977,male,2013,7,2013-07,
1,2158,1/07/2013 4:12:18,394,E 9 St & Avenue C,"40,72521311","-73,97768752",394,E 9 St & Avenue C,"40,72521311","-73,97768752",16429,Customer,,unknown,2013,7,2013-07,
1,1530,1/07/2013 4:12:53,489,10 Ave & W 28 St,"40,75066386","-74,00176802",167,E 39 St & 3 Ave,"40,7489006","-73,97604882",19917,Customer,,unknown,2013,7,2013-07,
1,549,1/07/2013 4:14:31,492,W 33 St & 7 Ave,"40,75019995","-73,99093085",482,W 15 St & 7 Ave,"40,73935542","-73,99931783",19635,Customer,,unknown,2013,7,2013-07,
1,2005,1/07/2013 4:14:37,394,E 9 St & Avenue C,"40,72521311","-73,97768752",394,E 9 St & Avenue C,"40,72521311","-73,97768752",19526,Customer,,unknown,2013,7,2013-07,
1,1632,1/07/2013 4:15:31,387,Centre St & Chambers St,"40,71273266","-74,0046073",467,Dean St & 4 Ave,"40,68312489","-73,97895137",18923,Customer,,unknown,2013,7,2013-07,
1,1594,1/07/2013 4:15:49,387,Centre St & Chambers St,"40,71273266","-74,0046073",467,Dean St & 4 Ave,"40,68312489","-73,97895137",18363,Subscriber,1988,female,2013,7,2013-07,
1,1654,1/07/2013 4:16:07,439,E 4 St & 2 Ave,"40,7262807","-73,98978041",301,E 2 St & Avenue B,"40,72217444","-73,98368779",20601,Customer,,unknown,2013,7,2013-07,
1,1462,1/07/2013 4:16:43,457,Broadway & W 58 St,"40,76695317","-73,98169333",325,E 19 St & 3 Ave,"40,73624527","-73,98473765",16527,Customer,,unknown,2013,7,2013-07,
1,1807,1/07/2013 4:17:37,442,W 27 St & 7 Ave,"40,746647","-73,993915",442,W 27 St & 7 Ave,"40,746647","-73,993915",19880,Customer,,unknown,2013,7,2013-07,
1,369,1/07/2013 4:17:52,466,W 25 St & 6 Ave,"40,74395411","-73,99144871",470,W 20 St & 8 Ave,"40,74345335","-74,00004031",18544,Subscriber,1969,male,2013,7,2013-07,
1,1362,1/07/2013 4:18:25,457,Broadway & W 58 St,"40,76695317","-73,98169333",446,W 24 St & 7 Ave,"40,74487634","-73,99529885",19707,Customer,,unknown,2013,7,2013-07,
1,1061,1/07/2013 4:19:28,438,St Marks Pl & 1 Ave,"40,72779126","-73,98564945",505,6 Ave & W 33 St,"40,74901271","-73,98848395",15032,Subscriber,1978,female,2013,7,2013-07,
1,1448,1/07/2013 4:22:58,490,8 Ave & W 33 St,"40,751551","-73,993934",330,Reade St & Broadway,"40,71450451","-74,00562789",15721,Customer,,unknown,2013,7,2013-07,
1,1014,1/07/2013 4:24:06,296,Division St & Bowery,"40,71413089","-73,9970468",463,9 Ave & W 16 St,"40,74206539","-74,00443172",19778,Subscriber,1973,male,2013,7,2013-07,
1,261,1/07/2013 4:25:48,305,E 58 St & 3 Ave,"40,76095756","-73,96724467",2004,6 Ave & Broome St,"40,724399","-74,004704",20325,Subscriber,1979,male,2013,7,2013-07,
1,964,1/07/2013 4:41:43,470,W 20 St & 8 Ave,"40,74345335","-74,00004031",426,West St & Chambers St,"40,71754834","-74,01322069",19533,Customer,,unknown,2013,7,2013-07,
1,1452,1/07/2013 4:46:25,223,W 13 St & 7 Ave,"40,73781509","-73,99994661",127,Barrow St & Hudson St,"40,73172428","-74,00674436",17792,Subscriber,1970,male,2013,7,2013-07,
1,558,1/07/2013 4:51:32,2003,1 Ave & E 18 St,"40,73416059","-73,98024289",2003,1 Ave & E 18 St,"40,73416059","-73,98024289",18884,Subscriber,1953,male,2013,7,2013-07,
1,397,1/07/2013 4:52:52,294,Washington Square E,"40,73049393","-73,9957214",72,W 52 St & 11 Ave,"40,76727216","-73,99392888",15150,Subscriber,1986,male,2013,7,2013-07,
1,913,1/07/2013 4:53:26,414,Pearl St & Anchorage Pl,"40,70281858","-73,98765762",417,Barclay St & Church St,"40,71291224","-74,01020234",17264,Subscriber,1962,male,2013,7,2013-07,
1,432,1/07/2013 4:54:17,490,8 Ave & W 33 St,"40,751551","-73,993934",500,Broadway & W 51 St,"40,76228826","-73,98336183",17230,Subscriber,1970,male,2013,7,2013-07,
1,872,1/07/2013 4:54:47,280,E 10 St & 5 Ave,"40,73331967","-73,99510132",72,W 52 St & 11 Ave,"40,76727216","-73,99392888",15859,Subscriber,1963,male,2013,7,2013-07,
1,455,1/07/2013 4:54:59,326,E 11 St & 1 Ave,"40,72953837","-73,98426726",293,Lafayette St & E 8 St,"40,73028666","-73,9907647",15830,Subscriber,1986,male,2013,7,2013-07,
1,626,1/07/2013 4:57:41,476,E 31 St & 3 Ave,"40,74394314","-73,97966069",303,Mercer St & Spring St,"40,72362738","-73,99949601",15247,Subscriber,1987,male,2013,7,2013-07,
1,492,1/07/2013 4:57:45,490,8 Ave & W 33 St,"40,751551","-73,993934",478,11 Ave & W 41 St,"40,76030096","-73,99884222",16650,Subscriber,1964,male,2013,7,2013-07,
1,1329,1/07/2013 4:58:33,195,Liberty St & Broadway,"40,70905623","-74,01043382",472,E 32 St & Park Ave,"40,7457121","-73,98194829",19363,Subscriber,1971,male,2013,7,2013-07,
1,446,1/07/2013 4:58:40,457,Broadway & W 58 St,"40,76695317","-73,98169333",2022,E 59 St & Sutton Pl,"40,75849116","-73,95920622",18580,Subscriber,1981,male,2013,7,2013-07,
1,465,1/07/2013 4:59:03,168,W 18 St & 6 Ave,"40,73971301","-73,99456405",493,W 45 St & 6 Ave,"40,7568001","-73,98291153",16736,Subscriber,1977,male,2013,7,2013-07,
1,261,1/07/2013 4:59:56,512,W 29 St & 9 Ave,"40,7500727","-73,99839279",434,9 Ave & W 18 St,"40,74317449","-74,00366443",18127,Subscriber,1984,male,2013,7,2013-07,
1,223,1/07/2013 5:00:42,470,W 20 St & 8 Ave,"40,74345335","-74,00004031",521,8 Ave & W 31 St,"40,75044999","-73,99481051",18544,Subscriber,1973,female,2013,7,2013-07,
1,4958,1/07/2013 5:01:15,512,W 29 St & 9 Ave,"40,7500727","-73,99839279",281,Grand Army Plaza & Central Park S,"40,7643971","-73,97371465",15430,Customer,,unknown,2013,7,2013-07,
1,4949,1/07/2013 5:01:30,512,W 29 St & 9 Ave,"40,7500727","-73,99839279",281,Grand Army Plaza & Central Park S,"40,7643971","-73,97371465",15735,Customer,,unknown,2013,7,2013-07,
1,856,1/07/2013 5:01:45,128,MacDougal St & Prince St,"40,72710258","-74,00297088",465,Broadway & W 41 St,"40,75513557","-73,98658032",17990,Subscriber,1970,male,2013,7,2013-07,
1,445,1/07/2013 5:03:16,127,Barrow St & Hudson St,"40,73172428","-74,00674436",329,Greenwich St & N Moore St,"40,72043411","-74,01020609",18376,Customer,,unknown,2013,7,2013-07,
1,574,1/07/2013 5:05:06,482,W 15 St & 7 Ave,"40,73935542","-73,99931783",242,Flushing Ave & Carlton Ave,"40,69788349","-73,97350332",19635,Subscriber,1992,male,2013,7,2013-07,
1,1803,1/07/2013 5:05:58,398,Atlantic Ave & Furman St,"40,69165183","-73,9999786",282,Kent Ave & S 11 St,"40,70827295","-73,96834101",15229,Subscriber,1947,male,2013,7,2013-07,
1,413,1/07/2013 5:08:39,311,Norfolk St & Broome St,"40,7172274","-73,98802084",268,Howard St & Centre St,"40,71910537","-73,99973337",15451,Subscriber,1983,female,2013,7,2013-07,
1,392,1/07/2013 5:08:40,403,E 2 St & 2 Ave,"40,72502876","-73,99069656",350,Clinton St & Grand St,"40,71559509","-73,9870295",15460,Subscriber,1982,male,2013,7,2013-07,
1,801,1/07/2013 5:09:22,477,W 41 St & 8 Ave,"40,75640548","-73,9900262",305,E 58 St & 3 Ave,"40,76095756","-73,96724467",18168,Subscriber,1974,male,2013,7,2013-07,
1,642,1/07/2013 5:09:42,487,E 20 St & FDR Drive,"40,73314259","-73,97573881",406,Hicks St & Montague St,"40,69512845","-73,99595065",19256,Customer,,unknown,2013,7,2013-07,
1,1347,1/07/2013 5:10:00,464,E 56 St & 3 Ave,"40,75934501","-73,96759673",307,Canal St & Rutgers St,"40,71427487","-73,98990025",15294,Subscriber,1973,male,2013,7,2013-07,
1,668,1/07/2013 5:10:43,127,Barrow St & Hudson St,"40,73172428","-74,00674436",147,Greenwich St & Warren St,"40,71542197","-74,01121978",17792,Subscriber,1970,male,2013,7,2013-07,